sample,SCL,SDA
0,1,1
1,1,1
2,1,1
3,1,1
4,1,1
5,1,1
6,1,1
7,1,1
8,1,1
9,1,1
10,1,1
11,1,1
12,1,0
13,1,0
14,1,0
15,1,0
16,0,0
17,0,0
18,0,0
19,0,0
20,0,1
21,0,1
22,0,1
23,0,1
24,1,1
25,1,1
26,1,1
27,1,1
28,1,1
29,1,1
30,1,1
31,1,1
32,0,1
33,0,1
34,0,1
35,0,1
36,0,0
37,0,0
38,0,0
39,0,0
40,1,0
41,1,0
42,1,0
43,1,0
44,1,0
45,1,0
46,1,0
47,1,0
48,0,0
49,0,0
50,0,0
51,0,0
52,0,0
53,0,0
54,0,0
55,0,0
56,1,0
57,1,0
58,1,0
59,1,0
60,1,0
61,1,0
62,1,0
63,1,0
64,0,0
65,0,0
66,0,0
67,0,0
68,0,0
69,0,0
70,0,0
71,0,0
72,1,0
73,1,0
74,1,0
75,1,0
76,1,0
77,1,0
78,1,0
79,1,0
80,0,0
81,0,0
82,0,0
83,0,0
84,0,0
85,0,0
86,0,0
87,0,0
88,1,0
89,1,0
90,1,0
91,1,0
92,1,0
93,1,0
94,1,0
95,1,0
96,0,0
97,0,0
98,0,0
99,0,0
100,0,1
101,0,1
102,0,1
103,0,1
104,1,1
105,1,1
106,1,1
107,1,1
108,1,1
109,1,1
110,1,1
111,1,1
112,0,1
113,0,1
114,0,1
115,0,1
116,0,0
117,0,0
118,0,0
119,0,0
120,1,0
121,1,0
122,1,0
123,1,0
124,1,0
125,1,0
126,1,0
127,1,0
128,0,0
129,0,0
130,0,0
131,0,0
132,0,0
133,0,0
134,0,0
135,0,0
136,1,0
137,1,0
138,1,0
139,1,0
140,1,0
141,1,0
142,1,0
143,1,0
144,0,0
145,0,0
146,0,0
147,0,0
148,0,0
149,0,0
150,0,0
151,0,0
152,1,0
153,1,0
154,1,0
155,1,0
156,1,0
157,1,0
158,1,0
159,1,0
160,0,0
161,0,0
162,0,0
163,0,0
164,0,0
165,0,0
166,0,0
167,0,0
168,1,0
169,1,0
170,1,0
171,1,0
172,1,0
173,1,0
174,1,0
175,1,0
176,0,0
177,0,0
178,0,0
179,0,0
180,0,1
181,0,1
182,0,1
183,0,1
184,1,1
185,1,1
186,1,1
187,1,1
188,1,1
189,1,1
190,1,1
191,1,1
192,0,1
193,0,1
194,0,1
195,0,1
196,0,0
197,0,0
198,0,0
199,0,0
200,1,0
201,1,0
202,1,0
203,1,0
204,1,0
205,1,0
206,1,0
207,1,0
208,0,0
209,0,0
210,0,0
211,0,0
212,0,0
213,0,0
214,0,0
215,0,0
216,1,0
217,1,0
218,1,0
219,1,0
220,1,0
221,1,0
222,1,0
223,1,0
224,0,0
225,0,0
226,0,0
227,0,0
228,0,1
229,0,1
230,0,1
231,0,1
232,1,1
233,1,1
234,1,1
235,1,1
236,1,1
237,1,1
238,1,1
239,1,1
240,0,1
241,0,1
242,0,1
243,0,1
244,0,1
245,0,1
246,0,1
247,0,1
248,1,1
249,1,1
250,1,1
251,1,1
252,1,1
253,1,1
254,1,1
255,1,1
256,0,1
257,0,1
258,0,1
259,0,1
260,0,1
261,0,1
262,0,1
263,0,1
264,1,1
265,1,1
266,1,1
267,1,1
268,1,1
269,1,1
270,1,1
271,1,1
272,0,1
273,0,1
274,0,1
275,0,1
276,0,0
277,0,0
278,0,0
279,0,0
280,1,0
281,1,0
282,1,0
283,1,0
284,1,0
285,1,0
286,1,0
287,1,0
288,0,0
289,0,0
290,0,0
291,0,0
292,0,0
293,0,0
294,0,0
295,0,0
296,1,0
297,1,0
298,1,0
299,1,0
300,1,0
301,1,0
302,1,0
303,1,0
304,0,0
305,0,0
306,0,0
307,0,0
308,0,0
309,0,0
310,0,0
311,0,0
312,1,0
313,1,0
314,1,0
315,1,0
316,1,0
317,1,0
318,1,0
319,1,0
320,0,0
321,0,0
322,0,0
323,0,0
324,0,1
325,0,1
326,0,1
327,0,1
328,1,1
329,1,1
330,1,1
331,1,1
332,1,1
333,1,1
334,1,1
335,1,1
336,0,1
337,0,1
338,0,1
339,0,1
340,0,0
341,0,0
342,0,0
343,0,0
344,1,0
345,1,0
346,1,0
347,1,0
348,1,0
349,1,0
350,1,0
351,1,0
352,0,0
353,0,0
354,0,0
355,0,0
356,0,0
357,0,0
358,0,0
359,0,0
360,1,0
361,1,0
362,1,0
363,1,0
364,1,0
365,1,0
366,1,0
367,1,0
368,0,0
369,0,0
370,0,0
371,0,0
372,0,0
373,0,0
374,0,0
375,0,0
376,1,0
377,1,0
378,1,0
379,1,0
380,1,0
381,1,0
382,1,0
383,1,0
384,0,0
385,0,0
386,0,0
387,0,0
388,0,0
389,0,0
390,0,0
391,0,0
392,1,0
393,1,0
394,1,0
395,1,0
396,1,0
397,1,0
398,1,0
399,1,0
400,0,0
401,0,0
402,0,0
403,0,0
404,0,1
405,0,1
406,0,1
407,0,1
408,1,1
409,1,1
410,1,1
411,1,1
412,1,1
413,1,1
414,1,1
415,1,1
416,0,1
417,0,1
418,0,1
419,0,1
420,0,1
421,0,1
422,0,1
423,0,1
424,1,1
425,1,1
426,1,1
427,1,1
428,1,1
429,1,1
430,1,1
431,1,1
432,0,1
433,0,1
434,0,1
435,0,1
436,0,0
437,0,0
438,0,0
439,0,0
440,1,0
441,1,0
442,1,0
443,1,0
444,1,0
445,1,0
446,1,0
447,1,0
448,0,0
449,0,0
450,0,0
451,0,0
452,0,0
453,0,0
454,0,0
455,0,0
456,1,0
457,1,0
458,1,0
459,1,0
460,1,0
461,1,0
462,1,0
463,1,0
464,0,0
465,0,0
466,0,0
467,0,0
468,0,1
469,0,1
470,0,1
471,0,1
472,1,1
473,1,1
474,1,1
475,1,1
476,1,1
477,1,1
478,1,1
479,1,1
480,0,1
481,0,1
482,0,1
483,0,1
484,0,0
485,0,0
486,0,0
487,0,0
488,1,0
489,1,0
490,1,0
491,1,0
492,1,0
493,1,0
494,1,0
495,1,0
496,0,0
497,0,0
498,0,0
499,0,0
500,0,1
501,0,1
502,0,1
503,0,1
504,1,1
505,1,1
506,1,1
507,1,1
508,1,1
509,1,1
510,1,1
511,1,1
512,0,1
513,0,1
514,0,1
515,0,1
516,0,0
517,0,0
518,0,0
519,0,0
520,1,0
521,1,0
522,1,0
523,1,0
524,1,0
525,1,0
526,1,0
527,1,0
528,0,0
529,0,0
530,0,0
531,0,0
532,0,1
533,0,1
534,0,1
535,0,1
536,1,1
537,1,1
538,1,1
539,1,1
540,1,1
541,1,1
542,1,1
543,1,1
544,0,1
545,0,1
546,0,1
547,0,1
548,0,0
549,0,0
550,0,0
551,0,0
552,1,0
553,1,0
554,1,0
555,1,0
556,1,0
557,1,0
558,1,0
559,1,0
560,0,0
561,0,0
562,0,0
563,0,0
564,0,0
565,0,0
566,0,0
567,0,0
568,1,0
569,1,0
570,1,0
571,1,0
572,1,0
573,1,0
574,1,0
575,1,0
576,0,0
577,0,0
578,0,0
579,0,0
580,0,0
581,0,0
582,0,0
583,0,0
584,1,0
585,1,0
586,1,0
587,1,0
588,1,0
589,1,0
590,1,0
591,1,0
592,0,0
593,0,0
594,0,0
595,0,0
596,0,0
597,0,0
598,0,0
599,0,0
600,1,0
601,1,0
602,1,0
603,1,0
604,1,0
605,1,0
606,1,0
607,1,0
608,0,0
609,0,0
610,0,0
611,0,0
612,0,1
613,0,1
614,0,1
615,0,1
616,1,1
617,1,1
618,1,1
619,1,1
620,1,1
621,1,1
622,1,1
623,1,1
624,0,1
625,0,1
626,0,1
627,0,1
628,0,0
629,0,0
630,0,0
631,0,0
632,1,0
633,1,0
634,1,0
635,1,0
636,1,0
637,1,0
638,1,0
639,1,0
640,0,0
641,0,0
642,0,0
643,0,0
644,0,0
645,0,0
646,0,0
647,0,0
648,1,0
649,1,0
650,1,0
651,1,0
652,1,0
653,1,0
654,1,0
655,1,0
656,0,0
657,0,0
658,0,0
659,0,0
660,0,0
661,0,0
662,0,0
663,0,0
664,1,0
665,1,0
666,1,0
667,1,0
668,1,0
669,1,0
670,1,0
671,1,0
672,0,0
673,0,0
674,0,0
675,0,0
676,0,1
677,0,1
678,0,1
679,0,1
680,1,1
681,1,1
682,1,1
683,1,1
684,1,1
685,1,1
686,1,1
687,1,1
688,0,1
689,0,1
690,0,1
691,0,1
692,0,1
693,0,1
694,0,1
695,0,1
696,1,1
697,1,1
698,1,1
699,1,1
700,1,1
701,1,1
702,1,1
703,1,1
704,0,1
705,0,1
706,0,1
707,0,1
708,0,0
709,0,0
710,0,0
711,0,0
712,1,0
713,1,0
714,1,0
715,1,0
716,1,0
717,1,0
718,1,0
719,1,0
720,0,0
721,0,0
722,0,0
723,0,0
724,0,0
725,0,0
726,0,0
727,0,0
728,1,0
729,1,0
730,1,0
731,1,0
732,1,0
733,1,0
734,1,0
735,1,0
736,0,0
737,0,0
738,0,0
739,0,0
740,0,0
741,0,0
742,0,0
743,0,0
744,1,0
745,1,0
746,1,0
747,1,0
748,1,0
749,1,0
750,1,0
751,1,0
752,0,0
753,0,0
754,0,0
755,0,0
756,0,1
757,0,1
758,0,1
759,0,1
760,1,1
761,1,1
762,1,1
763,1,1
764,1,1
765,1,1
766,1,1
767,1,1
768,0,1
769,0,1
770,0,1
771,0,1
772,0,1
773,0,1
774,0,1
775,0,1
776,1,1
777,1,1
778,1,1
779,1,1
780,1,1
781,1,1
782,1,1
783,1,1
784,0,1
785,0,1
786,0,1
787,0,1
788,0,1
789,0,1
790,0,1
791,0,1
792,1,1
793,1,1
794,1,1
795,1,1
796,1,1
797,1,1
798,1,1
799,1,1
800,0,1
801,0,1
802,0,1
803,0,1
804,0,1
805,0,1
806,0,1
807,0,1
808,1,1
809,1,1
810,1,1
811,1,1
812,1,1
813,1,1
814,1,1
815,1,1
816,0,1
817,0,1
818,0,1
819,0,1
820,0,0
821,0,0
822,0,0
823,0,0
824,1,0
825,1,0
826,1,0
827,1,0
828,1,0
829,1,0
830,1,0
831,1,0
832,0,0
833,0,0
834,0,0
835,0,0
836,0,1
837,0,1
838,0,1
839,0,1
840,1,1
841,1,1
842,1,1
843,1,1
844,1,1
845,1,1
846,1,1
847,1,1
848,0,1
849,0,1
850,0,1
851,0,1
852,0,1
853,0,1
854,0,1
855,0,1
856,1,1
857,1,1
858,1,1
859,1,1
860,1,1
861,1,1
862,1,1
863,1,1
864,0,1
865,0,1
866,0,1
867,0,1
868,0,0
869,0,0
870,0,0
871,0,0
872,1,0
873,1,0
874,1,0
875,1,0
876,1,0
877,1,0
878,1,0
879,1,0
880,0,0
881,0,0
882,0,0
883,0,0
884,0,0
885,0,0
886,0,0
887,0,0
888,1,0
889,1,0
890,1,0
891,1,0
892,1,0
893,1,0
894,1,0
895,1,0
896,0,0
897,0,0
898,0,0
899,0,0
900,0,1
901,0,1
902,0,1
903,0,1
904,1,1
905,1,1
906,1,1
907,1,1
908,1,1
909,1,1
910,1,1
911,1,1
912,0,1
913,0,1
914,0,1
915,0,1
916,0,1
917,0,1
918,0,1
919,0,1
920,1,1
921,1,1
922,1,1
923,1,1
924,1,1
925,1,1
926,1,1
927,1,1
928,0,1
929,0,1
930,0,1
931,0,1
932,0,0
933,0,0
934,0,0
935,0,0
936,1,0
937,1,0
938,1,0
939,1,0
940,1,0
941,1,0
942,1,0
943,1,0
944,0,0
945,0,0
946,0,0
947,0,0
948,0,1
949,0,1
950,0,1
951,0,1
952,1,1
953,1,1
954,1,1
955,1,1
956,1,1
957,1,1
958,1,1
959,1,1
960,0,1
961,0,1
962,0,1
963,0,1
964,0,0
965,0,0
966,0,0
967,0,0
968,1,0
969,1,0
970,1,0
971,1,0
972,1,0
973,1,0
974,1,0
975,1,0
976,0,0
977,0,0
978,0,0
979,0,0
980,0,0
981,0,0
982,0,0
983,0,0
984,1,0
985,1,0
986,1,0
987,1,0
988,1,0
989,1,0
990,1,0
991,1,0
992,0,0
993,0,0
994,0,0
995,0,0
996,0,1
997,0,1
998,0,1
999,0,1
1000,1,1
1001,1,1
1002,1,1
1003,1,1
1004,1,1
1005,1,1
1006,1,1
1007,1,1
1008,0,1
1009,0,1
1010,0,1
1011,0,1
1012,0,0
1013,0,0
1014,0,0
1015,0,0
1016,1,0
1017,1,0
1018,1,0
1019,1,0
1020,1,0
1021,1,0
1022,1,0
1023,1,0
1024,0,0
1025,0,0
1026,0,0
1027,0,0
1028,0,0
1029,0,0
1030,0,0
1031,0,0
1032,1,0
1033,1,0
1034,1,0
1035,1,0
1036,1,0
1037,1,0
1038,1,0
1039,1,0
1040,0,0
1041,0,0
1042,0,0
1043,0,0
1044,0,0
1045,0,0
1046,0,0
1047,0,0
1048,1,0
1049,1,0
1050,1,0
1051,1,0
1052,1,0
1053,1,0
1054,1,0
1055,1,0
1056,0,0
1057,0,0
1058,0,0
1059,0,0
1060,0,1
1061,0,1
1062,0,1
1063,0,1
1064,1,1
1065,1,1
1066,1,1
1067,1,1
1068,1,1
1069,1,1
1070,1,1
1071,1,1
1072,0,1
1073,0,1
1074,0,1
1075,0,1
1076,0,1
1077,0,1
1078,0,1
1079,0,1
1080,1,1
1081,1,1
1082,1,1
1083,1,1
1084,1,1
1085,1,1
1086,1,1
1087,1,1
1088,0,1
1089,0,1
1090,0,1
1091,0,1
1092,0,0
1093,0,0
1094,0,0
1095,0,0
1096,1,0
1097,1,0
1098,1,0
1099,1,0
1100,1,0
1101,1,0
1102,1,0
1103,1,0
1104,0,0
1105,0,0
1106,0,0
1107,0,0
1108,0,0
1109,0,0
1110,0,0
1111,0,0
1112,1,0
1113,1,0
1114,1,0
1115,1,0
1116,1,0
1117,1,0
1118,1,0
1119,1,0
1120,0,0
1121,0,0
1122,0,0
1123,0,0
1124,0,1
1125,0,1
1126,0,1
1127,0,1
1128,1,1
1129,1,1
1130,1,1
1131,1,1
1132,1,1
1133,1,1
1134,1,1
1135,1,1
1136,0,1
1137,0,1
1138,0,1
1139,0,1
1140,0,0
1141,0,0
1142,0,0
1143,0,0
1144,1,0
1145,1,0
1146,1,0
1147,1,0
1148,1,0
1149,1,0
1150,1,0
1151,1,0
1152,0,0
1153,0,0
1154,0,0
1155,0,0
1156,0,0
1157,0,0
1158,0,0
1159,0,0
1160,1,0
1161,1,0
1162,1,0
1163,1,0
1164,1,0
1165,1,0
1166,1,0
1167,1,0
1168,0,0
1169,0,0
1170,0,0
1171,0,0
1172,0,0
1173,0,0
1174,0,0
1175,0,0
1176,1,0
1177,1,0
1178,1,0
1179,1,0
1180,1,0
1181,1,0
1182,1,0
1183,1,0
1184,0,0
1185,0,0
1186,0,0
1187,0,0
1188,0,1
1189,0,1
1190,0,1
1191,0,1
1192,1,1
1193,1,1
1194,1,1
1195,1,1
1196,1,1
1197,1,1
1198,1,1
1199,1,1
1200,0,1
1201,0,1
1202,0,1
1203,0,1
1204,0,1
1205,0,1
1206,0,1
1207,0,1
1208,1,1
1209,1,1
1210,1,1
1211,1,1
1212,1,1
1213,1,1
1214,1,1
1215,1,1
1216,0,1
1217,0,1
1218,0,1
1219,0,1
1220,0,0
1221,0,0
1222,0,0
1223,0,0
1224,1,0
1225,1,0
1226,1,0
1227,1,0
1228,1,0
1229,1,0
1230,1,0
1231,1,0
1232,0,0
1233,0,0
1234,0,0
1235,0,0
1236,0,0
1237,0,0
1238,0,0
1239,0,0
1240,1,0
1241,1,0
1242,1,0
1243,1,0
1244,1,0
1245,1,0
1246,1,0
1247,1,0
1248,0,0
1249,0,0
1250,0,0
1251,0,0
1252,0,0
1253,0,0
1254,0,0
1255,0,0
1256,1,0
1257,1,0
1258,1,0
1259,1,0
1260,1,0
1261,1,0
1262,1,0
1263,1,0
1264,0,0
1265,0,0
1266,0,0
1267,0,0
1268,0,1
1269,0,1
1270,0,1
1271,0,1
1272,1,1
1273,1,1
1274,1,1
1275,1,1
1276,1,1
1277,1,1
1278,1,1
1279,1,1
1280,0,1
1281,0,1
1282,0,1
1283,0,1
1284,0,1
1285,0,1
1286,0,1
1287,0,1
1288,1,1
1289,1,1
1290,1,1
1291,1,1
1292,1,1
1293,1,1
1294,1,1
1295,1,1
1296,0,1
1297,0,1
1298,0,1
1299,0,1
1300,0,0
1301,0,0
1302,0,0
1303,0,0
1304,1,0
1305,1,0
1306,1,0
1307,1,0
1308,1,0
1309,1,0
1310,1,0
1311,1,0
1312,0,0
1313,0,0
1314,0,0
1315,0,0
1316,0,0
1317,0,0
1318,0,0
1319,0,0
1320,1,0
1321,1,0
1322,1,0
1323,1,0
1324,1,0
1325,1,0
1326,1,0
1327,1,0
1328,0,0
1329,0,0
1330,0,0
1331,0,0
1332,0,1
1333,0,1
1334,0,1
1335,0,1
1336,1,1
1337,1,1
1338,1,1
1339,1,1
1340,1,1
1341,1,1
1342,1,1
1343,1,1
1344,0,1
1345,0,1
1346,0,1
1347,0,1
1348,0,0
1349,0,0
1350,0,0
1351,0,0
1352,1,0
1353,1,0
1354,1,0
1355,1,0
1356,1,0
1357,1,0
1358,1,0
1359,1,0
1360,0,0
1361,0,0
1362,0,0
1363,0,0
1364,0,1
1365,0,1
1366,0,1
1367,0,1
1368,1,1
1369,1,1
1370,1,1
1371,1,1
1372,1,1
1373,1,1
1374,1,1
1375,1,1
1376,0,1
1377,0,1
1378,0,1
1379,0,1
1380,0,1
1381,0,1
1382,0,1
1383,0,1
1384,1,1
1385,1,1
1386,1,1
1387,1,1
1388,1,1
1389,1,1
1390,1,1
1391,1,1
1392,0,1
1393,0,1
1394,0,1
1395,0,1
1396,0,1
1397,0,1
1398,0,1
1399,0,1
1400,1,1
1401,1,1
1402,1,1
1403,1,1
1404,1,1
1405,1,1
1406,1,1
1407,1,1
1408,0,1
1409,0,1
1410,0,1
1411,0,1
1412,0,1
1413,0,1
1414,0,1
1415,0,1
1416,1,1
1417,1,1
1418,1,1
1419,1,1
1420,1,1
1421,1,1
1422,1,1
1423,1,1
1424,0,1
1425,0,1
1426,0,1
1427,0,1
1428,0,1
1429,0,1
1430,0,1
1431,0,1
1432,1,1
1433,1,1
1434,1,1
1435,1,1
1436,1,1
1437,1,1
1438,1,1
1439,1,1
1440,0,1
1441,0,1
1442,0,1
1443,0,1
1444,0,0
1445,0,0
1446,0,0
1447,0,0
1448,1,0
1449,1,0
1450,1,0
1451,1,0
1452,1,0
1453,1,0
1454,1,0
1455,1,0
1456,0,0
1457,0,0
1458,0,0
1459,0,0
1460,0,0
1461,0,0
1462,0,0
1463,0,0
1464,1,0
1465,1,0
1466,1,0
1467,1,0
1468,1,0
1469,1,0
1470,1,0
1471,1,0
1472,0,0
1473,0,0
1474,0,0
1475,0,0
1476,0,1
1477,0,1
1478,0,1
1479,0,1
1480,1,1
1481,1,1
1482,1,1
1483,1,1
1484,1,1
1485,1,1
1486,1,1
1487,1,1
1488,0,1
1489,0,1
1490,0,1
1491,0,1
1492,0,1
1493,0,1
1494,0,1
1495,0,1
1496,1,1
1497,1,1
1498,1,1
1499,1,1
1500,1,1
1501,1,1
1502,1,1
1503,1,1
1504,0,1
1505,0,1
1506,0,1
1507,0,1
1508,0,1
1509,0,1
1510,0,1
1511,0,1
1512,1,1
1513,1,1
1514,1,1
1515,1,1
1516,1,1
1517,1,1
1518,1,1
1519,1,1
1520,0,1
1521,0,1
1522,0,1
1523,0,1
1524,0,0
1525,0,0
1526,0,0
1527,0,0
1528,1,0
1529,1,0
1530,1,0
1531,1,0
1532,1,0
1533,1,0
1534,1,0
1535,1,0
1536,0,0
1537,0,0
1538,0,0
1539,0,0
1540,0,0
1541,0,0
1542,0,0
1543,0,0
1544,1,0
1545,1,0
1546,1,0
1547,1,0
1548,1,0
1549,1,0
1550,1,0
1551,1,0
1552,0,0
1553,0,0
1554,0,0
1555,0,0
1556,0,1
1557,0,1
1558,0,1
1559,0,1
1560,1,1
1561,1,1
1562,1,1
1563,1,1
1564,1,1
1565,1,1
1566,1,1
1567,1,1
1568,0,1
1569,0,1
1570,0,1
1571,0,1
1572,0,1
1573,0,1
1574,0,1
1575,0,1
1576,1,1
1577,1,1
1578,1,1
1579,1,1
1580,1,1
1581,1,1
1582,1,1
1583,1,1
1584,0,1
1585,0,1
1586,0,1
1587,0,1
1588,0,0
1589,0,0
1590,0,0
1591,0,0
1592,1,0
1593,1,0
1594,1,0
1595,1,0
1596,1,0
1597,1,0
1598,1,0
1599,1,0
1600,0,0
1601,0,0
1602,0,0
1603,0,0
1604,0,0
1605,0,0
1606,0,0
1607,0,0
1608,1,0
1609,1,0
1610,1,0
1611,1,0
1612,1,0
1613,1,0
1614,1,0
1615,1,0
1616,0,0
1617,0,0
1618,0,0
1619,0,0
1620,0,1
1621,0,1
1622,0,1
1623,0,1
1624,1,1
1625,1,1
1626,1,1
1627,1,1
1628,1,1
1629,1,1
1630,1,1
1631,1,1
1632,0,1
1633,0,1
1634,0,1
1635,0,1
1636,0,1
1637,0,1
1638,0,1
1639,0,1
1640,1,1
1641,1,1
1642,1,1
1643,1,1
1644,1,1
1645,1,1
1646,1,1
1647,1,1
1648,0,1
1649,0,1
1650,0,1
1651,0,1
1652,0,1
1653,0,1
1654,0,1
1655,0,1
1656,1,1
1657,1,1
1658,1,1
1659,1,1
1660,1,1
1661,1,1
1662,1,1
1663,1,1
1664,0,1
1665,0,1
1666,0,1
1667,0,1
1668,0,0
1669,0,0
1670,0,0
1671,0,0
1672,1,0
1673,1,0
1674,1,0
1675,1,0
1676,1,0
1677,1,0
1678,1,0
1679,1,0
1680,0,0
1681,0,0
1682,0,0
1683,0,0
1684,0,1
1685,0,1
1686,0,1
1687,0,1
1688,1,1
1689,1,1
1690,1,1
1691,1,1
1692,1,1
1693,1,1
1694,1,1
1695,1,1
1696,0,1
1697,0,1
1698,0,1
1699,0,1
1700,0,0
1701,0,0
1702,0,0
1703,0,0
1704,1,0
1705,1,0
1706,1,0
1707,1,0
1708,1,0
1709,1,0
1710,1,0
1711,1,0
1712,0,0
1713,0,0
1714,0,0
1715,0,0
1716,0,0
1717,0,0
1718,0,0
1719,0,0
1720,1,0
1721,1,0
1722,1,0
1723,1,0
1724,1,0
1725,1,0
1726,1,0
1727,1,0
1728,0,0
1729,0,0
1730,0,0
1731,0,0
1732,0,0
1733,0,0
1734,0,0
1735,0,0
1736,1,0
1737,1,0
1738,1,0
1739,1,0
1740,1,0
1741,1,0
1742,1,0
1743,1,0
1744,0,0
1745,0,0
1746,0,0
1747,0,0
1748,0,0
1749,0,0
1750,0,0
1751,0,0
1752,1,0
1753,1,0
1754,1,0
1755,1,0
1756,1,0
1757,1,0
1758,1,0
1759,1,0
1760,0,0
1761,0,0
1762,0,0
1763,0,0
1764,0,1
1765,0,1
1766,0,1
1767,0,1
1768,1,1
1769,1,1
1770,1,1
1771,1,1
1772,1,1
1773,1,1
1774,1,1
1775,1,1
1776,0,1
1777,0,1
1778,0,1
1779,0,1
1780,0,1
1781,0,1
1782,0,1
1783,0,1
1784,1,1
1785,1,1
1786,1,1
1787,1,1
1788,1,1
1789,1,1
1790,1,1
1791,1,1
1792,0,1
1793,0,1
1794,0,1
1795,0,1
1796,0,0
1797,0,0
1798,0,0
1799,0,0
1800,1,0
1801,1,0
1802,1,0
1803,1,0
1804,1,0
1805,1,0
1806,1,0
1807,1,0
1808,0,0
1809,0,0
1810,0,0
1811,0,0
1812,0,0
1813,0,0
1814,0,0
1815,0,0
1816,1,0
1817,1,0
1818,1,0
1819,1,0
1820,1,0
1821,1,0
1822,1,0
1823,1,0
1824,0,0
1825,0,0
1826,0,0
1827,0,0
1828,0,0
1829,0,0
1830,0,0
1831,0,0
1832,1,0
1833,1,0
1834,1,0
1835,1,0
1836,1,0
1837,1,0
1838,1,0
1839,1,0
1840,0,0
1841,0,0
1842,0,0
1843,0,0
1844,0,0
1845,0,0
1846,0,0
1847,0,0
1848,1,0
1849,1,0
1850,1,0
1851,1,0
1852,1,0
1853,1,0
1854,1,0
1855,1,0
1856,0,0
1857,0,0
1858,0,0
1859,0,0
1860,0,1
1861,0,1
1862,0,1
1863,0,1
1864,1,1
1865,1,1
1866,1,1
1867,1,1
1868,1,1
1869,1,1
1870,1,1
1871,1,1
1872,0,1
1873,0,1
1874,0,1
1875,0,1
1876,0,0
1877,0,0
1878,0,0
1879,0,0
1880,1,0
1881,1,0
1882,1,0
1883,1,0
1884,1,0
1885,1,0
1886,1,0
1887,1,0
1888,0,0
1889,0,0
1890,0,0
1891,0,0
1892,0,0
1893,0,0
1894,0,0
1895,0,0
1896,1,0
1897,1,0
1898,1,0
1899,1,0
1900,1,0
1901,1,0
1902,1,0
1903,1,0
1904,0,0
1905,0,0
1906,0,0
1907,0,0
1908,0,1
1909,0,1
1910,0,1
1911,0,1
1912,1,1
1913,1,1
1914,1,1
1915,1,1
1916,1,1
1917,1,1
1918,1,1
1919,1,1
1920,0,1
1921,0,1
1922,0,1
1923,0,1
1924,0,1
1925,0,1
1926,0,1
1927,0,1
1928,1,1
1929,1,1
1930,1,1
1931,1,1
1932,1,1
1933,1,1
1934,1,1
1935,1,1
1936,0,1
1937,0,1
1938,0,1
1939,0,1
1940,0,1
1941,0,1
1942,0,1
1943,0,1
1944,1,1
1945,1,1
1946,1,1
1947,1,1
1948,1,1
1949,1,1
1950,1,1
1951,1,1
1952,0,1
1953,0,1
1954,0,1
1955,0,1
1956,0,0
1957,0,0
1958,0,0
1959,0,0
1960,1,0
1961,1,0
1962,1,0
1963,1,0
1964,1,0
1965,1,0
1966,1,0
1967,1,0
1968,0,0
1969,0,0
1970,0,0
1971,0,0
1972,0,0
1973,0,0
1974,0,0
1975,0,0
1976,1,0
1977,1,0
1978,1,0
1979,1,0
1980,1,0
1981,1,0
1982,1,0
1983,1,0
1984,0,0
1985,0,0
1986,0,0
1987,0,0
1988,0,1
1989,0,1
1990,0,1
1991,0,1
1992,1,1
1993,1,1
1994,1,1
1995,1,1
1996,1,1
1997,1,1
1998,1,1
1999,1,1
2000,0,1
2001,0,1
2002,0,1
2003,0,1
2004,0,0
2005,0,0
2006,0,0
2007,0,0
2008,1,0
2009,1,0
2010,1,0
2011,1,0
2012,1,0
2013,1,0
2014,1,0
2015,1,0
2016,0,0
2017,0,0
2018,0,0
2019,0,0
2020,0,0
2021,0,0
2022,0,0
2023,0,0
2024,1,0
2025,1,0
2026,1,0
2027,1,0
2028,1,0
2029,1,0
2030,1,0
2031,1,0
2032,0,0
2033,0,0
2034,0,0
2035,0,0
2036,0,0
2037,0,0
2038,0,0
2039,0,0
2040,1,0
2041,1,0
2042,1,0
2043,1,0
2044,1,0
2045,1,0
2046,1,0
2047,1,0
2048,0,0
2049,0,0
2050,0,0
2051,0,0
2052,0,1
2053,0,1
2054,0,1
2055,0,1
2056,1,1
2057,1,1
2058,1,1
2059,1,1
2060,1,1
2061,1,1
2062,1,1
2063,1,1
2064,0,1
2065,0,1
2066,0,1
2067,0,1
2068,0,1
2069,0,1
2070,0,1
2071,0,1
2072,1,1
2073,1,1
2074,1,1
2075,1,1
2076,1,1
2077,1,1
2078,1,1
2079,1,1
2080,0,1
2081,0,1
2082,0,1
2083,0,1
2084,0,1
2085,0,1
2086,0,1
2087,0,1
2088,1,1
2089,1,1
2090,1,1
2091,1,1
2092,1,1
2093,1,1
2094,1,1
2095,1,1
2096,0,1
2097,0,1
2098,0,1
2099,0,1
2100,0,0
2101,0,0
2102,0,0
2103,0,0
2104,1,0
2105,1,0
2106,1,0
2107,1,0
2108,1,0
2109,1,0
2110,1,0
2111,1,0
2112,0,0
2113,0,0
2114,0,0
2115,0,0
2116,0,1
2117,0,1
2118,0,1
2119,0,1
2120,1,1
2121,1,1
2122,1,1
2123,1,1
2124,1,1
2125,1,1
2126,1,1
2127,1,1
2128,0,1
2129,0,1
2130,0,1
2131,0,1
2132,0,0
2133,0,0
2134,0,0
2135,0,0
2136,1,0
2137,1,0
2138,1,0
2139,1,0
2140,1,0
2141,1,0
2142,1,0
2143,1,0
2144,0,0
2145,0,0
2146,0,0
2147,0,0
2148,0,0
2149,0,0
2150,0,0
2151,0,0
2152,1,0
2153,1,0
2154,1,0
2155,1,0
2156,1,0
2157,1,0
2158,1,0
2159,1,0
2160,0,0
2161,0,0
2162,0,0
2163,0,0
2164,0,0
2165,0,0
2166,0,0
2167,0,0
2168,1,0
2169,1,0
2170,1,0
2171,1,0
2172,1,0
2173,1,0
2174,1,0
2175,1,0
2176,0,0
2177,0,0
2178,0,0
2179,0,0
2180,0,0
2181,0,0
2182,0,0
2183,0,0
2184,1,0
2185,1,0
2186,1,0
2187,1,0
2188,1,0
2189,1,0
2190,1,0
2191,1,0
2192,0,0
2193,0,0
2194,0,0
2195,0,0
2196,0,1
2197,0,1
2198,0,1
2199,0,1
2200,1,1
2201,1,1
2202,1,1
2203,1,1
2204,1,1
2205,1,1
2206,1,1
2207,1,1
2208,0,1
2209,0,1
2210,0,1
2211,0,1
2212,0,0
2213,0,0
2214,0,0
2215,0,0
2216,1,0
2217,1,0
2218,1,0
2219,1,0
2220,1,0
2221,1,0
2222,1,0
2223,1,0
2224,0,0
2225,0,0
2226,0,0
2227,0,0
2228,0,1
2229,0,1
2230,0,1
2231,0,1
2232,1,1
2233,1,1
2234,1,1
2235,1,1
2236,1,1
2237,1,1
2238,1,1
2239,1,1
2240,0,1
2241,0,1
2242,0,1
2243,0,1
2244,0,1
2245,0,1
2246,0,1
2247,0,1
2248,1,1
2249,1,1
2250,1,1
2251,1,1
2252,1,1
2253,1,1
2254,1,1
2255,1,1
2256,0,1
2257,0,1
2258,0,1
2259,0,1
2260,0,1
2261,0,1
2262,0,1
2263,0,1
2264,1,1
2265,1,1
2266,1,1
2267,1,1
2268,1,1
2269,1,1
2270,1,1
2271,1,1
2272,0,1
2273,0,1
2274,0,1
2275,0,1
2276,0,1
2277,0,1
2278,0,1
2279,0,1
2280,1,1
2281,1,1
2282,1,1
2283,1,1
2284,1,1
2285,1,1
2286,1,1
2287,1,1
2288,0,1
2289,0,1
2290,0,1
2291,0,1
2292,0,1
2293,0,1
2294,0,1
2295,0,1
2296,1,1
2297,1,1
2298,1,1
2299,1,1
2300,1,1
2301,1,1
2302,1,1
2303,1,1
2304,0,1
2305,0,1
2306,0,1
2307,0,1
2308,0,0
2309,0,0
2310,0,0
2311,0,0
2312,1,0
2313,1,0
2314,1,0
2315,1,0
2316,1,0
2317,1,0
2318,1,0
2319,1,0
2320,0,0
2321,0,0
2322,0,0
2323,0,0
2324,0,0
2325,0,0
2326,0,0
2327,0,0
2328,1,0
2329,1,0
2330,1,0
2331,1,0
2332,1,0
2333,1,0
2334,1,0
2335,1,0
2336,0,0
2337,0,0
2338,0,0
2339,0,0
2340,0,1
2341,0,1
2342,0,1
2343,0,1
2344,1,1
2345,1,1
2346,1,1
2347,1,1
2348,1,1
2349,1,1
2350,1,1
2351,1,1
2352,0,1
2353,0,1
2354,0,1
2355,0,1
2356,0,1
2357,0,1
2358,0,1
2359,0,1
2360,1,1
2361,1,1
2362,1,1
2363,1,1
2364,1,1
2365,1,1
2366,1,1
2367,1,1
2368,0,1
2369,0,1
2370,0,1
2371,0,1
2372,0,0
2373,0,0
2374,0,0
2375,0,0
2376,1,0
2377,1,0
2378,1,0
2379,1,0
2380,1,0
2381,1,0
2382,1,0
2383,1,0
2384,0,0
2385,0,0
2386,0,0
2387,0,0
2388,0,0
2389,0,0
2390,0,0
2391,0,0
2392,1,0
2393,1,0
2394,1,0
2395,1,0
2396,1,0
2397,1,0
2398,1,0
2399,1,0
2400,0,0
2401,0,0
2402,0,0
2403,0,0
2404,0,0
2405,0,0
2406,0,0
2407,0,0
2408,1,0
2409,1,0
2410,1,0
2411,1,0
2412,1,0
2413,1,0
2414,1,0
2415,1,0
2416,0,0
2417,0,0
2418,0,0
2419,0,0
2420,0,0
2421,0,0
2422,0,0
2423,0,0
2424,1,0
2425,1,0
2426,1,0
2427,1,0
2428,1,0
2429,1,0
2430,1,0
2431,1,0
2432,0,0
2433,0,0
2434,0,0
2435,0,0
2436,0,1
2437,0,1
2438,0,1
2439,0,1
2440,1,1
2441,1,1
2442,1,1
2443,1,1
2444,1,1
2445,1,1
2446,1,1
2447,1,1
2448,0,1
2449,0,1
2450,0,1
2451,0,1
2452,0,0
2453,0,0
2454,0,0
2455,0,0
2456,1,0
2457,1,0
2458,1,0
2459,1,0
2460,1,0
2461,1,0
2462,1,0
2463,1,0
2464,0,0
2465,0,0
2466,0,0
2467,0,0
2468,0,0
2469,0,0
2470,0,0
2471,0,0
2472,1,0
2473,1,0
2474,1,0
2475,1,0
2476,1,0
2477,1,0
2478,1,0
2479,1,0
2480,0,0
2481,0,0
2482,0,0
2483,0,0
2484,0,1
2485,0,1
2486,0,1
2487,0,1
2488,1,1
2489,1,1
2490,1,1
2491,1,1
2492,1,1
2493,1,1
2494,1,1
2495,1,1
2496,0,1
2497,0,1
2498,0,1
2499,0,1
2500,0,1
2501,0,1
2502,0,1
2503,0,1
2504,1,1
2505,1,1
2506,1,1
2507,1,1
2508,1,1
2509,1,1
2510,1,1
2511,1,1
2512,0,1
2513,0,1
2514,0,1
2515,0,1
2516,0,0
2517,0,0
2518,0,0
2519,0,0
2520,1,0
2521,1,0
2522,1,0
2523,1,0
2524,1,0
2525,1,0
2526,1,0
2527,1,0
2528,0,0
2529,0,0
2530,0,0
2531,0,0
2532,0,0
2533,0,0
2534,0,0
2535,0,0
2536,1,0
2537,1,0
2538,1,0
2539,1,0
2540,1,0
2541,1,0
2542,1,0
2543,1,0
2544,0,0
2545,0,0
2546,0,0
2547,0,0
2548,0,1
2549,0,1
2550,0,1
2551,0,1
2552,1,1
2553,1,1
2554,1,1
2555,1,1
2556,1,1
2557,1,1
2558,1,1
2559,1,1
2560,0,1
2561,0,1
2562,0,1
2563,0,1
2564,0,0
2565,0,0
2566,0,0
2567,0,0
2568,1,0
2569,1,0
2570,1,0
2571,1,0
2572,1,0
2573,1,0
2574,1,0
2575,1,0
2576,0,0
2577,0,0
2578,0,0
2579,0,0
2580,0,0
2581,0,0
2582,0,0
2583,0,0
2584,1,0
2585,1,0
2586,1,0
2587,1,0
2588,1,0
2589,1,0
2590,1,0
2591,1,0
2592,0,0
2593,0,0
2594,0,0
2595,0,0
2596,0,0
2597,0,0
2598,0,0
2599,0,0
2600,1,0
2601,1,0
2602,1,0
2603,1,0
2604,1,0
2605,1,0
2606,1,0
2607,1,0
2608,0,0
2609,0,0
2610,0,0
2611,0,0
2612,0,0
2613,0,0
2614,0,0
2615,0,0
2616,1,0
2617,1,0
2618,1,0
2619,1,0
2620,1,0
2621,1,0
2622,1,0
2623,1,0
2624,0,0
2625,0,0
2626,0,0
2627,0,0
2628,0,1
2629,0,1
2630,0,1
2631,0,1
2632,1,1
2633,1,1
2634,1,1
2635,1,1
2636,1,1
2637,1,1
2638,1,1
2639,1,1
2640,0,1
2641,0,1
2642,0,1
2643,0,1
2644,0,1
2645,0,1
2646,0,1
2647,0,1
2648,1,1
2649,1,1
2650,1,1
2651,1,1
2652,1,1
2653,1,1
2654,1,1
2655,1,1
2656,0,1
2657,0,1
2658,0,1
2659,0,1
2660,0,0
2661,0,0
2662,0,0
2663,0,0
2664,1,0
2665,1,0
2666,1,0
2667,1,0
2668,1,0
2669,1,0
2670,1,0
2671,1,0
2672,0,0
2673,0,0
2674,0,0
2675,0,0
2676,0,0
2677,0,0
2678,0,0
2679,0,0
2680,1,0
2681,1,0
2682,1,0
2683,1,0
2684,1,0
2685,1,0
2686,1,0
2687,1,0
2688,0,0
2689,0,0
2690,0,0
2691,0,0
2692,0,1
2693,0,1
2694,0,1
2695,0,1
2696,1,1
2697,1,1
2698,1,1
2699,1,1
2700,1,1
2701,1,1
2702,1,1
2703,1,1
2704,0,1
2705,0,1
2706,0,1
2707,0,1
2708,0,0
2709,0,0
2710,0,0
2711,0,0
2712,1,0
2713,1,0
2714,1,0
2715,1,0
2716,1,0
2717,1,0
2718,1,0
2719,1,0
2720,0,0
2721,0,0
2722,0,0
2723,0,0
2724,0,0
2725,0,0
2726,0,0
2727,0,0
2728,1,0
2729,1,0
2730,1,0
2731,1,0
2732,1,0
2733,1,0
2734,1,0
2735,1,0
2736,0,0
2737,0,0
2738,0,0
2739,0,0
2740,0,0
2741,0,0
2742,0,0
2743,0,0
2744,1,0
2745,1,0
2746,1,0
2747,1,0
2748,1,0
2749,1,0
2750,1,0
2751,1,0
2752,0,0
2753,0,0
2754,0,0
2755,0,0
2756,0,0
2757,0,0
2758,0,0
2759,0,0
2760,1,0
2761,1,0
2762,1,0
2763,1,0
2764,1,0
2765,1,0
2766,1,0
2767,1,0
2768,0,0
2769,0,0
2770,0,0
2771,0,0
2772,0,1
2773,0,1
2774,0,1
2775,0,1
2776,1,1
2777,1,1
2778,1,1
2779,1,1
2780,1,1
2781,1,1
2782,1,1
2783,1,1
2784,0,1
2785,0,1
2786,0,1
2787,0,1
2788,0,1
2789,0,1
2790,0,1
2791,0,1
2792,1,1
2793,1,1
2794,1,1
2795,1,1
2796,1,1
2797,1,1
2798,1,1
2799,1,1
2800,0,1
2801,0,1
2802,0,1
2803,0,1
2804,0,1
2805,0,1
2806,0,1
2807,0,1
2808,1,1
2809,1,1
2810,1,1
2811,1,1
2812,1,1
2813,1,1
2814,1,1
2815,1,1
2816,0,1
2817,0,1
2818,0,1
2819,0,1
2820,0,0
2821,0,0
2822,0,0
2823,0,0
2824,1,0
2825,1,0
2826,1,0
2827,1,0
2828,1,0
2829,1,0
2830,1,0
2831,1,0
2832,0,0
2833,0,0
2834,0,0
2835,0,0
2836,0,0
2837,0,0
2838,0,0
2839,0,0
2840,1,0
2841,1,0
2842,1,0
2843,1,0
2844,1,0
2845,1,0
2846,1,0
2847,1,0
2848,0,0
2849,0,0
2850,0,0
2851,0,0
2852,0,1
2853,0,1
2854,0,1
2855,0,1
2856,1,1
2857,1,1
2858,1,1
2859,1,1
2860,1,1
2861,1,1
2862,1,1
2863,1,1
2864,0,1
2865,0,1
2866,0,1
2867,0,1
2868,0,0
2869,0,0
2870,0,0
2871,0,0
2872,1,0
2873,1,0
2874,1,0
2875,1,0
2876,1,0
2877,1,0
2878,1,0
2879,1,0
2880,0,0
2881,0,0
2882,0,0
2883,0,0
2884,0,0
2885,0,0
2886,0,0
2887,0,0
2888,1,0
2889,1,0
2890,1,0
2891,1,0
2892,1,0
2893,1,0
2894,1,0
2895,1,0
2896,0,0
2897,0,0
2898,0,0
2899,0,0
2900,0,0
2901,0,0
2902,0,0
2903,0,0
2904,1,0
2905,1,0
2906,1,0
2907,1,0
2908,1,0
2909,1,0
2910,1,0
2911,1,0
2912,0,0
2913,0,0
2914,0,0
2915,0,0
2916,0,1
2917,0,1
2918,0,1
2919,0,1
2920,1,1
2921,1,1
2922,1,1
2923,1,1
2924,1,1
2925,1,1
2926,1,1
2927,1,1
2928,0,1
2929,0,1
2930,0,1
2931,0,1
2932,0,0
2933,0,0
2934,0,0
2935,0,0
2936,1,0
2937,1,0
2938,1,0
2939,1,0
2940,1,0
2941,1,0
2942,1,0
2943,1,0
2944,0,0
2945,0,0
2946,0,0
2947,0,0
2948,0,1
2949,0,1
2950,0,1
2951,0,1
2952,1,1
2953,1,1
2954,1,1
2955,1,1
2956,1,1
2957,1,1
2958,1,1
2959,1,1
2960,0,1
2961,0,1
2962,0,1
2963,0,1
2964,0,1
2965,0,1
2966,0,1
2967,0,1
2968,1,1
2969,1,1
2970,1,1
2971,1,1
2972,1,1
2973,1,1
2974,1,1
2975,1,1
2976,0,1
2977,0,1
2978,0,1
2979,0,1
2980,0,1
2981,0,1
2982,0,1
2983,0,1
2984,1,1
2985,1,1
2986,1,1
2987,1,1
2988,1,1
2989,1,1
2990,1,1
2991,1,1
2992,0,1
2993,0,1
2994,0,1
2995,0,1
2996,0,1
2997,0,1
2998,0,1
2999,0,1
3000,1,1
3001,1,1
3002,1,1
3003,1,1
3004,1,1
3005,1,1
3006,1,1
3007,1,1
3008,0,1
3009,0,1
3010,0,1
3011,0,1
3012,0,1
3013,0,1
3014,0,1
3015,0,1
3016,1,1
3017,1,1
3018,1,1
3019,1,1
3020,1,1
3021,1,1
3022,1,1
3023,1,1
3024,0,1
3025,0,1
3026,0,1
3027,0,1
3028,0,0
3029,0,0
3030,0,0
3031,0,0
3032,1,0
3033,1,0
3034,1,0
3035,1,0
3036,1,0
3037,1,0
3038,1,0
3039,1,0
3040,0,0
3041,0,0
3042,0,0
3043,0,0
3044,0,0
3045,0,0
3046,0,0
3047,0,0
3048,1,0
3049,1,0
3050,1,0
3051,1,0
3052,1,0
3053,1,0
3054,1,0
3055,1,0
3056,0,0
3057,0,0
3058,0,0
3059,0,0
3060,0,1
3061,0,1
3062,0,1
3063,0,1
3064,1,1
3065,1,1
3066,1,1
3067,1,1
3068,1,1
3069,1,1
3070,1,1
3071,1,1
3072,0,1
3073,0,1
3074,0,1
3075,0,1
3076,0,1
3077,0,1
3078,0,1
3079,0,1
3080,1,1
3081,1,1
3082,1,1
3083,1,1
3084,1,1
3085,1,1
3086,1,1
3087,1,1
3088,0,1
3089,0,1
3090,0,1
3091,0,1
3092,0,0
3093,0,0
3094,0,0
3095,0,0
3096,1,0
3097,1,0
3098,1,0
3099,1,0
3100,1,0
3101,1,0
3102,1,0
3103,1,0
3104,0,0
3105,0,0
3106,0,0
3107,0,0
3108,0,0
3109,0,0
3110,0,0
3111,0,0
3112,1,0
3113,1,0
3114,1,0
3115,1,0
3116,1,0
3117,1,0
3118,1,0
3119,1,0
3120,0,0
3121,0,0
3122,0,0
3123,0,0
3124,0,0
3125,0,0
3126,0,0
3127,0,0
3128,1,0
3129,1,0
3130,1,0
3131,1,0
3132,1,0
3133,1,0
3134,1,0
3135,1,0
3136,0,0
3137,0,0
3138,0,0
3139,0,0
3140,0,0
3141,0,0
3142,0,0
3143,0,0
3144,1,0
3145,1,0
3146,1,0
3147,1,0
3148,1,0
3149,1,0
3150,1,0
3151,1,0
3152,0,0
3153,0,0
3154,0,0
3155,0,0
3156,0,1
3157,0,1
3158,0,1
3159,0,1
3160,1,1
3161,1,1
3162,1,1
3163,1,1
3164,1,1
3165,1,1
3166,1,1
3167,1,1
3168,0,1
3169,0,1
3170,0,1
3171,0,1
3172,0,0
3173,0,0
3174,0,0
3175,0,0
3176,1,0
3177,1,0
3178,1,0
3179,1,0
3180,1,0
3181,1,0
3182,1,0
3183,1,0
3184,0,0
3185,0,0
3186,0,0
3187,0,0
3188,0,0
3189,0,0
3190,0,0
3191,0,0
3192,1,0
3193,1,0
3194,1,0
3195,1,0
3196,1,0
3197,1,0
3198,1,0
3199,1,0
3200,0,0
3201,0,0
3202,0,0
3203,0,0
3204,0,1
3205,0,1
3206,0,1
3207,0,1
3208,1,1
3209,1,1
3210,1,1
3211,1,1
3212,1,1
3213,1,1
3214,1,1
3215,1,1
3216,0,1
3217,0,1
3218,0,1
3219,0,1
3220,0,1
3221,0,1
3222,0,1
3223,0,1
3224,1,1
3225,1,1
3226,1,1
3227,1,1
3228,1,1
3229,1,1
3230,1,1
3231,1,1
3232,0,1
3233,0,1
3234,0,1
3235,0,1
3236,0,0
3237,0,0
3238,0,0
3239,0,0
3240,1,0
3241,1,0
3242,1,0
3243,1,0
3244,1,0
3245,1,0
3246,1,0
3247,1,0
3248,0,0
3249,0,0
3250,0,0
3251,0,0
3252,0,0
3253,0,0
3254,0,0
3255,0,0
3256,1,0
3257,1,0
3258,1,0
3259,1,0
3260,1,0
3261,1,0
3262,1,0
3263,1,0
3264,0,0
3265,0,0
3266,0,0
3267,0,0
3268,0,0
3269,0,0
3270,0,0
3271,0,0
3272,1,0
3273,1,0
3274,1,0
3275,1,0
3276,1,0
3277,1,0
3278,1,0
3279,1,0
3280,0,0
3281,0,0
3282,0,0
3283,0,0
3284,0,1
3285,0,1
3286,0,1
3287,0,1
3288,1,1
3289,1,1
3290,1,1
3291,1,1
3292,1,1
3293,1,1
3294,1,1
3295,1,1
3296,0,1
3297,0,1
3298,0,1
3299,0,1
3300,0,1
3301,0,1
3302,0,1
3303,0,1
3304,1,1
3305,1,1
3306,1,1
3307,1,1
3308,1,1
3309,1,1
3310,1,1
3311,1,1
3312,0,1
3313,0,1
3314,0,1
3315,0,1
3316,0,0
3317,0,0
3318,0,0
3319,0,0
3320,1,0
3321,1,0
3322,1,0
3323,1,0
3324,1,0
3325,1,0
3326,1,0
3327,1,0
3328,0,0
3329,0,0
3330,0,0
3331,0,0
3332,0,0
3333,0,0
3334,0,0
3335,0,0
3336,1,0
3337,1,0
3338,1,0
3339,1,0
3340,1,0
3341,1,0
3342,1,0
3343,1,0
3344,0,0
3345,0,0
3346,0,0
3347,0,0
3348,0,1
3349,0,1
3350,0,1
3351,0,1
3352,1,1
3353,1,1
3354,1,1
3355,1,1
3356,1,1
3357,1,1
3358,1,1
3359,1,1
3360,0,1
3361,0,1
3362,0,1
3363,0,1
3364,0,1
3365,0,1
3366,0,1
3367,0,1
3368,1,1
3369,1,1
3370,1,1
3371,1,1
3372,1,1
3373,1,1
3374,1,1
3375,1,1
3376,0,1
3377,0,1
3378,0,1
3379,0,1
3380,0,0
3381,0,0
3382,0,0
3383,0,0
3384,1,0
3385,1,0
3386,1,0
3387,1,0
3388,1,0
3389,1,0
3390,1,0
3391,1,0
3392,0,0
3393,0,0
3394,0,0
3395,0,0
3396,0,1
3397,0,1
3398,0,1
3399,0,1
3400,1,1
3401,1,1
3402,1,1
3403,1,1
3404,1,1
3405,1,1
3406,1,1
3407,1,1
3408,0,1
3409,0,1
3410,0,1
3411,0,1
3412,0,0
3413,0,0
3414,0,0
3415,0,0
3416,1,0
3417,1,0
3418,1,0
3419,1,0
3420,1,0
3421,1,0
3422,1,0
3423,1,0
3424,0,0
3425,0,0
3426,0,0
3427,0,0
3428,0,1
3429,0,1
3430,0,1
3431,0,1
3432,1,1
3433,1,1
3434,1,1
3435,1,1
3436,1,1
3437,1,1
3438,1,1
3439,1,1
3440,0,1
3441,0,1
3442,0,1
3443,0,1
3444,0,1
3445,0,1
3446,0,1
3447,0,1
3448,1,1
3449,1,1
3450,1,1
3451,1,1
3452,1,1
3453,1,1
3454,1,1
3455,1,1
3456,0,1
3457,0,1
3458,0,1
3459,0,1
3460,0,0
3461,0,0
3462,0,0
3463,0,0
3464,1,0
3465,1,0
3466,1,0
3467,1,0
3468,1,0
3469,1,0
3470,1,0
3471,1,0
3472,0,0
3473,0,0
3474,0,0
3475,0,0
3476,0,0
3477,0,0
3478,0,0
3479,0,0
3480,1,0
3481,1,0
3482,1,0
3483,1,0
3484,1,0
3485,1,0
3486,1,0
3487,1,0
3488,0,0
3489,0,0
3490,0,0
3491,0,0
3492,0,1
3493,0,1
3494,0,1
3495,0,1
3496,1,1
3497,1,1
3498,1,1
3499,1,1
3500,1,1
3501,1,1
3502,1,1
3503,1,1
3504,0,1
3505,0,1
3506,0,1
3507,0,1
3508,0,0
3509,0,0
3510,0,0
3511,0,0
3512,1,0
3513,1,0
3514,1,0
3515,1,0
3516,1,0
3517,1,0
3518,1,0
3519,1,0
3520,0,0
3521,0,0
3522,0,0
3523,0,0
3524,0,1
3525,0,1
3526,0,1
3527,0,1
3528,1,1
3529,1,1
3530,1,1
3531,1,1
3532,1,1
3533,1,1
3534,1,1
3535,1,1
3536,0,1
3537,0,1
3538,0,1
3539,0,1
3540,0,1
3541,0,1
3542,0,1
3543,0,1
3544,1,1
3545,1,1
3546,1,1
3547,1,1
3548,1,1
3549,1,1
3550,1,1
3551,1,1
3552,0,1
3553,0,1
3554,0,1
3555,0,1
3556,0,1
3557,0,1
3558,0,1
3559,0,1
3560,1,1
3561,1,1
3562,1,1
3563,1,1
3564,1,1
3565,1,1
3566,1,1
3567,1,1
3568,0,1
3569,0,1
3570,0,1
3571,0,1
3572,0,1
3573,0,1
3574,0,1
3575,0,1
3576,1,1
3577,1,1
3578,1,1
3579,1,1
3580,1,1
3581,1,1
3582,1,1
3583,1,1
3584,0,1
3585,0,1
3586,0,1
3587,0,1
3588,0,1
3589,0,1
3590,0,1
3591,0,1
3592,1,1
3593,1,1
3594,1,1
3595,1,1
3596,1,1
3597,1,1
3598,1,1
3599,1,1
3600,0,1
3601,0,1
3602,0,1
3603,0,1
3604,0,0
3605,0,0
3606,0,0
3607,0,0
3608,1,0
3609,1,0
3610,1,0
3611,1,0
3612,1,0
3613,1,0
3614,1,0
3615,1,0
3616,0,0
3617,0,0
3618,0,0
3619,0,0
3620,0,0
3621,0,0
3622,0,0
3623,0,0
3624,1,0
3625,1,0
3626,1,0
3627,1,0
3628,1,0
3629,1,0
3630,1,0
3631,1,0
3632,0,0
3633,0,0
3634,0,0
3635,0,0
3636,0,1
3637,0,1
3638,0,1
3639,0,1
3640,1,1
3641,1,1
3642,1,1
3643,1,1
3644,1,1
3645,1,1
3646,1,1
3647,1,1
3648,0,1
3649,0,1
3650,0,1
3651,0,1
3652,0,1
3653,0,1
3654,0,1
3655,0,1
3656,1,1
3657,1,1
3658,1,1
3659,1,1
3660,1,1
3661,1,1
3662,1,1
3663,1,1
3664,0,1
3665,0,1
3666,0,1
3667,0,1
3668,0,1
3669,0,1
3670,0,1
3671,0,1
3672,1,1
3673,1,1
3674,1,1
3675,1,1
3676,1,1
3677,1,1
3678,1,1
3679,1,1
3680,0,1
3681,0,1
3682,0,1
3683,0,1
3684,0,0
3685,0,0
3686,0,0
3687,0,0
3688,1,0
3689,1,0
3690,1,0
3691,1,0
3692,1,0
3693,1,0
3694,1,0
3695,1,0
3696,0,0
3697,0,0
3698,0,0
3699,0,0
3700,0,0
3701,0,0
3702,0,0
3703,0,0
3704,1,0
3705,1,0
3706,1,0
3707,1,0
3708,1,0
3709,1,0
3710,1,0
3711,1,0
3712,0,0
3713,0,0
3714,0,0
3715,0,0
3716,0,1
3717,0,1
3718,0,1
3719,0,1
3720,1,1
3721,1,1
3722,1,1
3723,1,1
3724,1,1
3725,1,1
3726,1,1
3727,1,1
3728,0,1
3729,0,1
3730,0,1
3731,0,1
3732,0,1
3733,0,1
3734,0,1
3735,0,1
3736,1,1
3737,1,1
3738,1,1
3739,1,1
3740,1,1
3741,1,1
3742,1,1
3743,1,1
3744,0,1
3745,0,1
3746,0,1
3747,0,1
3748,0,0
3749,0,0
3750,0,0
3751,0,0
3752,1,0
3753,1,0
3754,1,0
3755,1,0
3756,1,0
3757,1,0
3758,1,0
3759,1,0
3760,0,0
3761,0,0
3762,0,0
3763,0,0
3764,0,0
3765,0,0
3766,0,0
3767,0,0
3768,1,0
3769,1,0
3770,1,0
3771,1,0
3772,1,0
3773,1,0
3774,1,0
3775,1,0
3776,0,0
3777,0,0
3778,0,0
3779,0,0
3780,0,1
3781,0,1
3782,0,1
3783,0,1
3784,1,1
3785,1,1
3786,1,1
3787,1,1
3788,1,1
3789,1,1
3790,1,1
3791,1,1
3792,0,1
3793,0,1
3794,0,1
3795,0,1
3796,0,1
3797,0,1
3798,0,1
3799,0,1
3800,1,1
3801,1,1
3802,1,1
3803,1,1
3804,1,1
3805,1,1
3806,1,1
3807,1,1
3808,0,1
3809,0,1
3810,0,1
3811,0,1
3812,0,1
3813,0,1
3814,0,1
3815,0,1
3816,1,1
3817,1,1
3818,1,1
3819,1,1
3820,1,1
3821,1,1
3822,1,1
3823,1,1
3824,0,1
3825,0,1
3826,0,1
3827,0,1
3828,0,0
3829,0,0
3830,0,0
3831,0,0
3832,1,0
3833,1,0
3834,1,0
3835,1,0
3836,1,0
3837,1,0
3838,1,0
3839,1,0
3840,0,0
3841,0,0
3842,0,0
3843,0,0
3844,0,1
3845,0,1
3846,0,1
3847,0,1
3848,1,1
3849,1,1
3850,1,1
3851,1,1
3852,1,1
3853,1,1
3854,1,1
3855,1,1
3856,0,1
3857,0,1
3858,0,1
3859,0,1
3860,0,0
3861,0,0
3862,0,0
3863,0,0
3864,1,0
3865,1,0
3866,1,0
3867,1,0
3868,1,0
3869,1,0
3870,1,0
3871,1,0
3872,0,0
3873,0,0
3874,0,0
3875,0,0
3876,0,0
3877,0,0
3878,0,0
3879,0,0
3880,1,0
3881,1,0
3882,1,0
3883,1,0
3884,1,0
3885,1,0
3886,1,0
3887,1,0
3888,0,0
3889,0,0
3890,0,0
3891,0,0
3892,0,0
3893,0,0
3894,0,0
3895,0,0
3896,1,0
3897,1,0
3898,1,0
3899,1,0
3900,1,0
3901,1,0
3902,1,0
3903,1,0
3904,0,0
3905,0,0
3906,0,0
3907,0,0
3908,0,0
3909,0,0
3910,0,0
3911,0,0
3912,1,0
3913,1,0
3914,1,0
3915,1,0
3916,1,0
3917,1,0
3918,1,0
3919,1,0
3920,0,0
3921,0,0
3922,0,0
3923,0,0
3924,0,1
3925,0,1
3926,0,1
3927,0,1
3928,1,1
3929,1,1
3930,1,1
3931,1,1
3932,1,1
3933,1,1
3934,1,1
3935,1,1
3936,0,1
3937,0,1
3938,0,1
3939,0,1
3940,0,1
3941,0,1
3942,0,1
3943,0,1
3944,1,1
3945,1,1
3946,1,1
3947,1,1
3948,1,1
3949,1,1
3950,1,1
3951,1,1
3952,0,1
3953,0,1
3954,0,1
3955,0,1
3956,0,0
3957,0,0
3958,0,0
3959,0,0
3960,1,0
3961,1,0
3962,1,0
3963,1,0
3964,1,0
3965,1,0
3966,1,0
3967,1,0
3968,0,0
3969,0,0
3970,0,0
3971,0,0
3972,0,1
3973,0,1
3974,0,1
3975,0,1
3976,1,1
3977,1,1
3978,1,1
3979,1,1
3980,1,1
3981,1,1
3982,1,1
3983,1,1
3984,0,1
3985,0,1
3986,0,1
3987,0,1
3988,0,1
3989,0,1
3990,0,1
3991,0,1
3992,1,1
3993,1,1
3994,1,1
3995,1,1
3996,1,1
3997,1,1
3998,1,1
3999,1,1
4000,0,1
4001,0,1
4002,0,1
4003,0,1
4004,0,1
4005,0,1
4006,0,1
4007,0,1
4008,1,1
4009,1,1
4010,1,1
4011,1,1
4012,1,1
4013,1,1
4014,1,1
4015,1,1
4016,0,1
4017,0,1
4018,0,1
4019,0,1
4020,0,1
4021,0,1
4022,0,1
4023,0,1
4024,1,1
4025,1,1
4026,1,1
4027,1,1
4028,1,1
4029,1,1
4030,1,1
4031,1,1
4032,0,1
4033,0,1
4034,0,1
4035,0,1
4036,0,0
4037,0,0
4038,0,0
4039,0,0
4040,1,0
4041,1,0
4042,1,0
4043,1,0
4044,1,0
4045,1,0
4046,1,0
4047,1,0
4048,0,0
4049,0,0
4050,0,0
4051,0,0
4052,0,0
4053,0,0
4054,0,0
4055,0,0
4056,1,0
4057,1,0
4058,1,0
4059,1,0
4060,1,0
4061,1,0
4062,1,0
4063,1,0
4064,0,0
4065,0,0
4066,0,0
4067,0,0
4068,0,1
4069,0,1
4070,0,1
4071,0,1
4072,1,1
4073,1,1
4074,1,1
4075,1,1
4076,1,1
4077,1,1
4078,1,1
4079,1,1
4080,0,1
4081,0,1
4082,0,1
4083,0,1
4084,0,1
4085,0,1
4086,0,1
4087,0,1
4088,1,1
4089,1,1
4090,1,1
4091,1,1
4092,1,1
4093,1,1
4094,1,1
4095,1,1
4096,0,1
4097,0,1
4098,0,1
4099,0,1
4100,0,1
4101,0,1
4102,0,1
4103,0,1
4104,1,1
4105,1,1
4106,1,1
4107,1,1
4108,1,1
4109,1,1
4110,1,1
4111,1,1
4112,0,1
4113,0,1
4114,0,1
4115,0,1
4116,0,0
4117,0,0
4118,0,0
4119,0,0
4120,1,0
4121,1,0
4122,1,0
4123,1,0
4124,1,0
4125,1,0
4126,1,0
4127,1,0
4128,0,0
4129,0,0
4130,0,0
4131,0,0
4132,0,0
4133,0,0
4134,0,0
4135,0,0
4136,1,0
4137,1,0
4138,1,0
4139,1,0
4140,1,0
4141,1,0
4142,1,0
4143,1,0
4144,0,0
4145,0,0
4146,0,0
4147,0,0
4148,0,0
4149,0,0
4150,0,0
4151,0,0
4152,1,0
4153,1,0
4154,1,0
4155,1,0
4156,1,0
4157,1,0
4158,1,0
4159,1,0
4160,0,0
4161,0,0
4162,0,0
4163,0,0
4164,0,0
4165,0,0
4166,0,0
4167,0,0
4168,1,0
4169,1,0
4170,1,0
4171,1,0
4172,1,0
4173,1,0
4174,1,0
4175,1,0
4176,0,0
4177,0,0
4178,0,0
4179,0,0
4180,0,0
4181,0,0
4182,0,0
4183,0,0
4184,1,0
4185,1,0
4186,1,0
4187,1,0
4188,1,0
4189,1,0
4190,1,0
4191,1,0
4192,0,0
4193,0,0
4194,0,0
4195,0,0
4196,0,0
4197,0,0
4198,0,0
4199,0,0
4200,1,0
4201,1,0
4202,1,0
4203,1,0
4204,1,0
4205,1,0
4206,1,0
4207,1,0
4208,0,0
4209,0,0
4210,0,0
4211,0,0
4212,0,1
4213,0,1
4214,0,1
4215,0,1
4216,1,1
4217,1,1
4218,1,1
4219,1,1
4220,1,1
4221,1,1
4222,1,1
4223,1,1
4224,0,1
4225,0,1
4226,0,1
4227,0,1
4228,0,0
4229,0,0
4230,0,0
4231,0,0
4232,1,0
4233,1,0
4234,1,0
4235,1,0
4236,1,0
4237,1,0
4238,1,0
4239,1,0
4240,0,0
4241,0,0
4242,0,0
4243,0,0
4244,0,1
4245,0,1
4246,0,1
4247,0,1
4248,1,1
4249,1,1
4250,1,1
4251,1,1
4252,1,1
4253,1,1
4254,1,1
4255,1,1
4256,0,1
4257,0,1
4258,0,1
4259,0,1
4260,0,1
4261,0,1
4262,0,1
4263,0,1
4264,1,1
4265,1,1
4266,1,1
4267,1,1
4268,1,1
4269,1,1
4270,1,1
4271,1,1
4272,0,1
4273,0,1
4274,0,1
4275,0,1
4276,0,1
4277,0,1
4278,0,1
4279,0,1
4280,1,1
4281,1,1
4282,1,1
4283,1,1
4284,1,1
4285,1,1
4286,1,1
4287,1,1
4288,0,1
4289,0,1
4290,0,1
4291,0,1
4292,0,1
4293,0,1
4294,0,1
4295,0,1
4296,1,1
4297,1,1
4298,1,1
4299,1,1
4300,1,1
4301,1,1
4302,1,1
4303,1,1
4304,0,1
4305,0,1
4306,0,1
4307,0,1
4308,0,1
4309,0,1
4310,0,1
4311,0,1
4312,1,1
4313,1,1
4314,1,1
4315,1,1
4316,1,1
4317,1,1
4318,1,1
4319,1,1
4320,0,1
4321,0,1
4322,0,1
4323,0,1
4324,0,0
4325,0,0
4326,0,0
4327,0,0
4328,1,0
4329,1,0
4330,1,0
4331,1,0
4332,1,0
4333,1,0
4334,1,0
4335,1,0
4336,0,0
4337,0,0
4338,0,0
4339,0,0
4340,0,0
4341,0,0
4342,0,0
4343,0,0
4344,1,0
4345,1,0
4346,1,0
4347,1,0
4348,1,0
4349,1,0
4350,1,0
4351,1,0
4352,0,0
4353,0,0
4354,0,0
4355,0,0
4356,0,1
4357,0,1
4358,0,1
4359,0,1
4360,1,1
4361,1,1
4362,1,1
4363,1,1
4364,1,1
4365,1,1
4366,1,1
4367,1,1
4368,0,1
4369,0,1
4370,0,1
4371,0,1
4372,0,1
4373,0,1
4374,0,1
4375,0,1
4376,1,1
4377,1,1
4378,1,1
4379,1,1
4380,1,1
4381,1,1
4382,1,1
4383,1,1
4384,0,1
4385,0,1
4386,0,1
4387,0,1
4388,0,0
4389,0,0
4390,0,0
4391,0,0
4392,1,0
4393,1,0
4394,1,0
4395,1,0
4396,1,0
4397,1,0
4398,1,0
4399,1,0
4400,0,0
4401,0,0
4402,0,0
4403,0,0
4404,0,1
4405,0,1
4406,0,1
4407,0,1
4408,1,1
4409,1,1
4410,1,1
4411,1,1
4412,1,1
4413,1,1
4414,1,1
4415,1,1
4416,0,1
4417,0,1
4418,0,1
4419,0,1
4420,0,1
4421,0,1
4422,0,1
4423,0,1
4424,1,1
4425,1,1
4426,1,1
4427,1,1
4428,1,1
4429,1,1
4430,1,1
4431,1,1
4432,0,1
4433,0,1
4434,0,1
4435,0,1
4436,0,1
4437,0,1
4438,0,1
4439,0,1
4440,1,1
4441,1,1
4442,1,1
4443,1,1
4444,1,1
4445,1,1
4446,1,1
4447,1,1
4448,0,1
4449,0,1
4450,0,1
4451,0,1
4452,0,1
4453,0,1
4454,0,1
4455,0,1
4456,1,1
4457,1,1
4458,1,1
4459,1,1
4460,1,1
4461,1,1
4462,1,1
4463,1,1
4464,0,1
4465,0,1
4466,0,1
4467,0,1
4468,0,0
4469,0,0
4470,0,0
4471,0,0
4472,1,0
4473,1,0
4474,1,0
4475,1,0
4476,1,0
4477,1,0
4478,1,0
4479,1,0
4480,0,0
4481,0,0
4482,0,0
4483,0,0
4484,0,0
4485,0,0
4486,0,0
4487,0,0
4488,1,0
4489,1,0
4490,1,0
4491,1,0
4492,1,0
4493,1,0
4494,1,0
4495,1,0
4496,0,0
4497,0,0
4498,0,0
4499,0,0
4500,0,1
4501,0,1
4502,0,1
4503,0,1
4504,1,1
4505,1,1
4506,1,1
4507,1,1
4508,1,1
4509,1,1
4510,1,1
4511,1,1
4512,0,1
4513,0,1
4514,0,1
4515,0,1
4516,0,1
4517,0,1
4518,0,1
4519,0,1
4520,1,1
4521,1,1
4522,1,1
4523,1,1
4524,1,1
4525,1,1
4526,1,1
4527,1,1
4528,0,1
4529,0,1
4530,0,1
4531,0,1
4532,0,0
4533,0,0
4534,0,0
4535,0,0
4536,1,0
4537,1,0
4538,1,0
4539,1,0
4540,1,0
4541,1,0
4542,1,0
4543,1,0
4544,0,0
4545,0,0
4546,0,0
4547,0,0
4548,0,1
4549,0,1
4550,0,1
4551,0,1
4552,1,1
4553,1,1
4554,1,1
4555,1,1
4556,1,1
4557,1,1
4558,1,1
4559,1,1
4560,0,1
4561,0,1
4562,0,1
4563,0,1
4564,0,0
4565,0,0
4566,0,0
4567,0,0
4568,1,0
4569,1,0
4570,1,0
4571,1,0
4572,1,0
4573,1,0
4574,1,0
4575,1,0
4576,0,0
4577,0,0
4578,0,0
4579,0,0
4580,0,1
4581,0,1
4582,0,1
4583,0,1
4584,1,1
4585,1,1
4586,1,1
4587,1,1
4588,1,1
4589,1,1
4590,1,1
4591,1,1
4592,0,1
4593,0,1
4594,0,1
4595,0,1
4596,0,1
4597,0,1
4598,0,1
4599,0,1
4600,1,1
4601,1,1
4602,1,1
4603,1,1
4604,1,1
4605,1,1
4606,1,1
4607,1,1
4608,0,1
4609,0,1
4610,0,1
4611,0,1
4612,0,0
4613,0,0
4614,0,0
4615,0,0
4616,1,0
4617,1,0
4618,1,0
4619,1,0
4620,1,0
4621,1,0
4622,1,0
4623,1,0
4624,0,0
4625,0,0
4626,0,0
4627,0,0
4628,0,0
4629,0,0
4630,0,0
4631,0,0
4632,1,0
4633,1,0
4634,1,0
4635,1,0
4636,1,0
4637,1,0
4638,1,0
4639,1,0
4640,0,0
4641,0,0
4642,0,0
4643,0,0
4644,0,1
4645,0,1
4646,0,1
4647,0,1
4648,1,1
4649,1,1
4650,1,1
4651,1,1
4652,1,1
4653,1,1
4654,1,1
4655,1,1
4656,0,1
4657,0,1
4658,0,1
4659,0,1
4660,0,1
4661,0,1
4662,0,1
4663,0,1
4664,1,1
4665,1,1
4666,1,1
4667,1,1
4668,1,1
4669,1,1
4670,1,1
4671,1,1
4672,0,1
4673,0,1
4674,0,1
4675,0,1
4676,0,1
4677,0,1
4678,0,1
4679,0,1
4680,1,1
4681,1,1
4682,1,1
4683,1,1
4684,1,1
4685,1,1
4686,1,1
4687,1,1
4688,0,1
4689,0,1
4690,0,1
4691,0,1
4692,0,1
4693,0,1
4694,0,1
4695,0,1
4696,1,1
4697,1,1
4698,1,1
4699,1,1
4700,1,1
4701,1,1
4702,1,1
4703,1,1
4704,0,1
4705,0,1
4706,0,1
4707,0,1
4708,0,1
4709,0,1
4710,0,1
4711,0,1
4712,1,1
4713,1,1
4714,1,1
4715,1,1
4716,1,1
4717,1,1
4718,1,1
4719,1,1
4720,0,1
4721,0,1
4722,0,1
4723,0,1
4724,0,0
4725,0,0
4726,0,0
4727,0,0
4728,1,0
4729,1,0
4730,1,0
4731,1,0
4732,1,0
4733,1,0
4734,1,0
4735,1,0
4736,0,0
4737,0,0
4738,0,0
4739,0,0
4740,0,1
4741,0,1
4742,0,1
4743,0,1
4744,1,1
4745,1,1
4746,1,1
4747,1,1
4748,1,1
4749,1,1
4750,1,1
4751,1,1
4752,0,1
4753,0,1
4754,0,1
4755,0,1
4756,0,0
4757,0,0
4758,0,0
4759,0,0
4760,1,0
4761,1,0
4762,1,0
4763,1,0
4764,1,0
4765,1,0
4766,1,0
4767,1,0
4768,0,0
4769,0,0
4770,0,0
4771,0,0
4772,0,0
4773,0,0
4774,0,0
4775,0,0
4776,1,0
4777,1,0
4778,1,0
4779,1,0
4780,1,1
4781,1,1
4782,1,1
4783,1,1
4784,1,1
4785,1,1
4786,1,1
4787,1,1
4788,1,1
4789,1,1
4790,1,1
4791,1,1
