time_ns,d0_uart,d1_refclk
0,1,0
1000,1,0
2000,1,0
3000,1,1
4000,1,1
5000,1,1
6000,1,0
7000,1,0
8000,1,0
9000,1,1
10000,1,1
11000,1,1
12000,1,0
13000,1,0
14000,1,0
15000,1,1
16000,1,1
17000,1,1
18000,1,0
19000,1,0
20000,1,0
21000,1,1
22000,1,1
23000,1,1
24000,1,0
25000,1,0
26000,1,0
27000,1,1
28000,1,1
29000,1,1
30000,1,0
31000,1,0
32000,1,0
33000,1,1
34000,1,1
35000,1,1
36000,1,0
37000,1,0
38000,1,0
39000,1,1
40000,1,1
41000,1,1
42000,1,0
43000,1,0
44000,1,0
45000,1,1
46000,1,1
47000,1,1
48000,1,0
49000,1,0
50000,1,0
51000,1,1
52000,1,1
53000,1,1
54000,1,0
55000,1,0
56000,1,0
57000,1,1
58000,1,1
59000,1,1
60000,1,0
61000,1,0
62000,1,0
63000,1,1
64000,1,1
65000,1,1
66000,1,0
67000,1,0
68000,1,0
69000,1,1
70000,1,1
71000,1,1
72000,1,0
73000,1,0
74000,1,0
75000,1,1
76000,1,1
77000,1,1
78000,1,0
79000,1,0
80000,1,0
81000,1,1
82000,1,1
83000,1,1
84000,1,0
85000,1,0
86000,1,0
87000,1,1
88000,1,1
89000,1,1
90000,1,0
91000,1,0
92000,1,0
93000,1,1
94000,1,1
95000,1,1
96000,0,0
97000,0,0
98000,0,0
99000,0,1
100000,0,1
101000,0,1
102000,0,0
103000,0,0
104000,0,0
105000,0,1
106000,0,1
107000,0,1
108000,0,0
109000,0,0
110000,0,0
111000,0,1
112000,1,1
113000,1,1
114000,1,0
115000,1,0
116000,1,0
117000,1,1
118000,1,1
119000,1,1
120000,1,0
121000,1,0
122000,1,0
123000,1,1
124000,1,1
125000,1,1
126000,1,0
127000,1,0
128000,1,0
129000,1,1
130000,1,1
131000,1,1
132000,1,0
133000,1,0
134000,1,0
135000,1,1
136000,0,1
137000,0,1
138000,0,0
139000,0,0
140000,0,0
141000,0,1
142000,0,1
143000,0,1
144000,0,0
145000,0,0
146000,0,0
147000,0,1
148000,0,1
149000,0,1
150000,0,0
151000,0,0
152000,1,0
153000,1,1
154000,1,1
155000,1,1
156000,1,0
157000,1,0
158000,1,0
159000,1,1
160000,0,1
161000,0,1
162000,0,0
163000,0,0
164000,0,0
165000,0,1
166000,0,1
167000,0,1
168000,1,0
169000,1,0
170000,1,0
171000,1,1
172000,1,1
173000,1,1
174000,1,0
175000,1,0
176000,1,0
177000,1,1
178000,1,1
179000,1,1
180000,1,0
181000,1,0
182000,1,0
183000,1,1
184000,1,1
185000,1,1
186000,1,0
187000,1,0
188000,1,0
189000,1,1
190000,1,1
191000,1,1
192000,0,0
193000,0,0
194000,0,0
195000,0,1
196000,0,1
197000,0,1
198000,0,0
199000,0,0
200000,1,0
201000,1,1
202000,1,1
203000,1,1
204000,1,0
205000,1,0
206000,1,0
207000,1,1
208000,1,1
209000,1,1
210000,1,0
211000,1,0
212000,1,0
213000,1,1
214000,1,1
215000,1,1
216000,0,0
217000,0,0
218000,0,0
219000,0,1
220000,0,1
221000,0,1
222000,0,0
223000,0,0
224000,0,0
225000,0,1
226000,0,1
227000,0,1
228000,0,0
229000,0,0
230000,0,0
231000,0,1
232000,0,1
233000,0,1
234000,0,0
235000,0,0
236000,0,0
237000,0,1
238000,0,1
239000,0,1
240000,0,0
241000,0,0
242000,0,0
243000,0,1
244000,0,1
245000,0,1
246000,0,0
247000,0,0
248000,1,0
249000,1,1
250000,1,1
251000,1,1
252000,1,0
253000,1,0
254000,1,0
255000,1,1
256000,0,1
257000,0,1
258000,0,0
259000,0,0
260000,0,0
261000,0,1
262000,0,1
263000,0,1
264000,1,0
265000,1,0
266000,1,0
267000,1,1
268000,1,1
269000,1,1
270000,1,0
271000,1,0
272000,1,0
273000,1,1
274000,1,1
275000,1,1
276000,1,0
277000,1,0
278000,1,0
279000,1,1
280000,1,1
281000,1,1
282000,1,0
283000,1,0
284000,1,0
285000,1,1
286000,1,1
287000,1,1
288000,0,0
289000,0,0
290000,0,0
291000,0,1
292000,0,1
293000,0,1
294000,0,0
295000,0,0
296000,0,0
297000,0,1
298000,0,1
299000,0,1
300000,0,0
301000,0,0
302000,0,0
303000,0,1
304000,0,1
305000,0,1
306000,0,0
307000,0,0
308000,0,0
309000,0,1
310000,0,1
311000,0,1
312000,1,0
313000,1,0
314000,1,0
315000,1,1
316000,1,1
317000,1,1
318000,1,0
319000,1,0
320000,0,0
321000,0,1
322000,0,1
323000,0,1
324000,0,0
325000,0,0
326000,0,0
327000,0,1
328000,1,1
329000,1,1
330000,1,0
331000,1,0
332000,1,0
333000,1,1
334000,1,1
335000,1,1
336000,0,0
337000,0,0
338000,0,0
339000,0,1
340000,0,1
341000,0,1
342000,0,0
343000,0,0
344000,1,0
345000,1,1
346000,1,1
347000,1,1
348000,1,0
349000,1,0
350000,1,0
351000,1,1
352000,0,1
353000,0,1
354000,0,0
355000,0,0
356000,0,0
357000,0,1
358000,0,1
359000,0,1
360000,1,0
361000,1,0
362000,1,0
363000,1,1
364000,1,1
365000,1,1
366000,1,0
367000,1,0
368000,1,0
369000,1,1
370000,1,1
371000,1,1
372000,1,0
373000,1,0
374000,1,0
375000,1,1
376000,1,1
377000,1,1
378000,1,0
379000,1,0
380000,1,0
381000,1,1
382000,1,1
383000,1,1
384000,0,0
385000,0,0
386000,0,0
387000,0,1
388000,0,1
389000,0,1
390000,0,0
391000,0,0
392000,0,0
393000,0,1
394000,0,1
395000,0,1
396000,0,0
397000,0,0
398000,0,0
399000,0,1
400000,1,1
401000,1,1
402000,1,0
403000,1,0
404000,1,0
405000,1,1
406000,1,1
407000,1,1
408000,1,0
409000,1,0
410000,1,0
411000,1,1
412000,1,1
413000,1,1
414000,1,0
415000,1,0
416000,0,0
417000,0,1
418000,0,1
419000,0,1
420000,0,0
421000,0,0
422000,0,0
423000,0,1
424000,0,1
425000,0,1
426000,0,0
427000,0,0
428000,0,0
429000,0,1
430000,0,1
431000,0,1
432000,0,0
433000,0,0
434000,0,0
435000,0,1
436000,0,1
437000,0,1
438000,0,0
439000,0,0
440000,1,0
441000,1,1
442000,1,1
443000,1,1
444000,1,0
445000,1,0
446000,1,0
447000,1,1
448000,0,1
449000,0,1
450000,0,0
451000,0,0
452000,0,0
453000,0,1
454000,0,1
455000,0,1
456000,1,0
457000,1,0
458000,1,0
459000,1,1
460000,1,1
461000,1,1
462000,1,0
463000,1,0
464000,1,0
465000,1,1
466000,1,1
467000,1,1
468000,1,0
469000,1,0
470000,1,0
471000,1,1
472000,1,1
473000,1,1
474000,1,0
475000,1,0
476000,1,0
477000,1,1
478000,1,1
479000,1,1
480000,0,0
481000,0,0
482000,0,0
483000,0,1
484000,0,1
485000,0,1
486000,0,0
487000,0,0
488000,1,0
489000,1,1
490000,1,1
491000,1,1
492000,1,0
493000,1,0
494000,1,0
495000,1,1
496000,1,1
497000,1,1
498000,1,0
499000,1,0
500000,1,0
501000,1,1
502000,1,1
503000,1,1
504000,0,0
505000,0,0
506000,0,0
507000,0,1
508000,0,1
509000,0,1
510000,0,0
511000,0,0
512000,1,0
513000,1,1
514000,1,1
515000,1,1
516000,1,0
517000,1,0
518000,1,0
519000,1,1
520000,1,1
521000,1,1
522000,1,0
523000,1,0
524000,1,0
525000,1,1
526000,1,1
527000,1,1
528000,1,0
529000,1,0
530000,1,0
531000,1,1
532000,1,1
533000,1,1
534000,1,0
535000,1,0
536000,1,0
537000,1,1
538000,1,1
539000,1,1
540000,1,0
541000,1,0
542000,1,0
543000,1,1
544000,0,1
545000,0,1
546000,0,0
547000,0,0
548000,0,0
549000,0,1
550000,0,1
551000,0,1
552000,1,0
553000,1,0
554000,1,0
555000,1,1
556000,1,1
557000,1,1
558000,1,0
559000,1,0
560000,1,0
561000,1,1
562000,1,1
563000,1,1
564000,1,0
565000,1,0
566000,1,0
567000,1,1
568000,1,1
569000,1,1
570000,1,0
571000,1,0
572000,1,0
573000,1,1
574000,1,1
575000,1,1
576000,0,0
577000,0,0
578000,0,0
579000,0,1
580000,0,1
581000,0,1
582000,0,0
583000,0,0
584000,1,0
585000,1,1
586000,1,1
587000,1,1
588000,1,0
589000,1,0
590000,1,0
591000,1,1
592000,0,1
593000,0,1
594000,0,0
595000,0,0
596000,0,0
597000,0,1
598000,0,1
599000,0,1
600000,1,0
601000,1,0
602000,1,0
603000,1,1
604000,1,1
605000,1,1
606000,1,0
607000,1,0
608000,0,0
609000,0,1
610000,0,1
611000,0,1
612000,0,0
613000,0,0
614000,0,0
615000,0,1
616000,1,1
617000,1,1
618000,1,0
619000,1,0
620000,1,0
621000,1,1
622000,1,1
623000,1,1
624000,1,0
625000,1,0
626000,1,0
627000,1,1
628000,1,1
629000,1,1
630000,1,0
631000,1,0
632000,1,0
633000,1,1
634000,1,1
635000,1,1
636000,1,0
637000,1,0
638000,1,0
639000,1,1
640000,0,1
641000,0,1
642000,0,0
643000,0,0
644000,0,0
645000,0,1
646000,0,1
647000,0,1
648000,1,0
649000,1,0
650000,1,0
651000,1,1
652000,1,1
653000,1,1
654000,1,0
655000,1,0
656000,1,0
657000,1,1
658000,1,1
659000,1,1
660000,1,0
661000,1,0
662000,1,0
663000,1,1
664000,1,1
665000,1,1
666000,1,0
667000,1,0
668000,1,0
669000,1,1
670000,1,1
671000,1,1
672000,0,0
673000,0,0
674000,0,0
675000,0,1
676000,0,1
677000,0,1
678000,0,0
679000,0,0
680000,1,0
681000,1,1
682000,1,1
683000,1,1
684000,1,0
685000,1,0
686000,1,0
687000,1,1
688000,0,1
689000,0,1
690000,0,0
691000,0,0
692000,0,0
693000,0,1
694000,0,1
695000,0,1
696000,0,0
697000,0,0
698000,0,0
699000,0,1
700000,0,1
701000,0,1
702000,0,0
703000,0,0
704000,0,0
705000,0,1
706000,0,1
707000,0,1
708000,0,0
709000,0,0
710000,0,0
711000,0,1
712000,0,1
713000,0,1
714000,0,0
715000,0,0
716000,0,0
717000,0,1
718000,0,1
719000,0,1
720000,1,0
721000,1,0
722000,1,0
723000,1,1
724000,1,1
725000,1,1
726000,1,0
727000,1,0
728000,1,0
729000,1,1
730000,1,1
731000,1,1
732000,1,0
733000,1,0
734000,1,0
735000,1,1
736000,0,1
737000,0,1
738000,0,0
739000,0,0
740000,0,0
741000,0,1
742000,0,1
743000,0,1
744000,1,0
745000,1,0
746000,1,0
747000,1,1
748000,1,1
749000,1,1
750000,1,0
751000,1,0
752000,1,0
753000,1,1
754000,1,1
755000,1,1
756000,1,0
757000,1,0
758000,1,0
759000,1,1
760000,1,1
761000,1,1
762000,1,0
763000,1,0
764000,1,0
765000,1,1
766000,1,1
767000,1,1
768000,0,0
769000,0,0
770000,0,0
771000,0,1
772000,0,1
773000,0,1
774000,0,0
775000,0,0
776000,0,0
777000,0,1
778000,0,1
779000,0,1
780000,0,0
781000,0,0
782000,0,0
783000,0,1
784000,1,1
785000,1,1
786000,1,0
787000,1,0
788000,1,0
789000,1,1
790000,1,1
791000,1,1
792000,0,0
793000,0,0
794000,0,0
795000,0,1
796000,0,1
797000,0,1
798000,0,0
799000,0,0
800000,0,0
801000,0,1
802000,0,1
803000,0,1
804000,0,0
805000,0,0
806000,0,0
807000,0,1
808000,1,1
809000,1,1
810000,1,0
811000,1,0
812000,1,0
813000,1,1
814000,1,1
815000,1,1
816000,1,0
817000,1,0
818000,1,0
819000,1,1
820000,1,1
821000,1,1
822000,1,0
823000,1,0
824000,1,0
825000,1,1
826000,1,1
827000,1,1
828000,1,0
829000,1,0
830000,1,0
831000,1,1
832000,0,1
833000,0,1
834000,0,0
835000,0,0
836000,0,0
837000,0,1
838000,0,1
839000,0,1
840000,1,0
841000,1,0
842000,1,0
843000,1,1
844000,1,1
845000,1,1
846000,1,0
847000,1,0
848000,1,0
849000,1,1
850000,1,1
851000,1,1
852000,1,0
853000,1,0
854000,1,0
855000,1,1
856000,1,1
857000,1,1
858000,1,0
859000,1,0
860000,1,0
861000,1,1
862000,1,1
863000,1,1
864000,0,0
865000,0,0
866000,0,0
867000,0,1
868000,0,1
869000,0,1
870000,0,0
871000,0,0
872000,0,0
873000,0,1
874000,0,1
875000,0,1
876000,0,0
877000,0,0
878000,0,0
879000,0,1
880000,0,1
881000,0,1
882000,0,0
883000,0,0
884000,0,0
885000,0,1
886000,0,1
887000,0,1
888000,1,0
889000,1,0
890000,1,0
891000,1,1
892000,1,1
893000,1,1
894000,1,0
895000,1,0
896000,0,0
897000,0,1
898000,0,1
899000,0,1
900000,0,0
901000,0,0
902000,0,0
903000,0,1
904000,1,1
905000,1,1
906000,1,0
907000,1,0
908000,1,0
909000,1,1
910000,1,1
911000,1,1
912000,1,0
913000,1,0
914000,1,0
915000,1,1
916000,1,1
917000,1,1
918000,1,0
919000,1,0
920000,1,0
921000,1,1
922000,1,1
923000,1,1
924000,1,0
925000,1,0
926000,1,0
927000,1,1
928000,0,1
929000,0,1
930000,0,0
931000,0,0
932000,0,0
933000,0,1
934000,0,1
935000,0,1
936000,1,0
937000,1,0
938000,1,0
939000,1,1
940000,1,1
941000,1,1
942000,1,0
943000,1,0
944000,1,0
945000,1,1
946000,1,1
947000,1,1
948000,1,0
949000,1,0
950000,1,0
951000,1,1
952000,1,1
953000,1,1
954000,1,0
955000,1,0
956000,1,0
957000,1,1
958000,1,1
959000,1,1
960000,0,0
961000,0,0
962000,0,0
963000,0,1
964000,0,1
965000,0,1
966000,0,0
967000,0,0
968000,1,0
969000,1,1
970000,1,1
971000,1,1
972000,1,0
973000,1,0
974000,1,0
975000,1,1
976000,1,1
977000,1,1
978000,1,0
979000,1,0
980000,1,0
981000,1,1
982000,1,1
983000,1,1
984000,1,0
985000,1,0
986000,1,0
987000,1,1
988000,1,1
989000,1,1
990000,1,0
991000,1,0
992000,1,0
993000,1,1
994000,1,1
995000,1,1
996000,1,0
997000,1,0
998000,1,0
999000,1,1
1000000,1,1
1001000,1,1
1002000,1,0
1003000,1,0
1004000,1,0
1005000,1,1
1006000,1,1
1007000,1,1
1008000,0,0
1009000,0,0
1010000,0,0
1011000,0,1
1012000,0,1
1013000,0,1
1014000,0,0
1015000,0,0
1016000,1,0
1017000,1,1
1018000,1,1
1019000,1,1
1020000,1,0
1021000,1,0
1022000,1,0
1023000,1,1
1024000,0,1
1025000,0,1
1026000,0,0
1027000,0,0
1028000,0,0
1029000,0,1
1030000,0,1
1031000,0,1
1032000,1,0
1033000,1,0
1034000,1,0
1035000,1,1
1036000,1,1
1037000,1,1
1038000,1,0
1039000,1,0
1040000,1,0
1041000,1,1
1042000,1,1
1043000,1,1
1044000,1,0
1045000,1,0
1046000,1,0
1047000,1,1
1048000,1,1
1049000,1,1
1050000,1,0
1051000,1,0
1052000,1,0
1053000,1,1
1054000,1,1
1055000,1,1
1056000,0,0
1057000,0,0
1058000,0,0
1059000,0,1
1060000,0,1
1061000,0,1
1062000,0,0
1063000,0,0
1064000,0,0
1065000,0,1
1066000,0,1
1067000,0,1
1068000,0,0
1069000,0,0
1070000,0,0
1071000,0,1
1072000,0,1
1073000,0,1
1074000,0,0
1075000,0,0
1076000,0,0
1077000,0,1
1078000,0,1
1079000,0,1
1080000,0,0
1081000,0,0
1082000,0,0
1083000,0,1
1084000,0,1
1085000,0,1
1086000,0,0
1087000,0,0
1088000,1,0
1089000,1,1
1090000,1,1
1091000,1,1
1092000,1,0
1093000,1,0
1094000,1,0
1095000,1,1
1096000,1,1
1097000,1,1
1098000,1,0
1099000,1,0
1100000,1,0
1101000,1,1
1102000,1,1
1103000,1,1
1104000,1,0
1105000,1,0
1106000,1,0
1107000,1,1
1108000,1,1
1109000,1,1
1110000,1,0
1111000,1,0
1112000,0,0
1113000,0,1
1114000,0,1
1115000,0,1
1116000,0,0
1117000,0,0
1118000,0,0
1119000,0,1
1120000,0,1
1121000,0,1
1122000,0,0
1123000,0,0
1124000,0,0
1125000,0,1
1126000,0,1
1127000,0,1
1128000,1,0
1129000,1,0
1130000,1,0
1131000,1,1
1132000,1,1
1133000,1,1
1134000,1,0
1135000,1,0
1136000,1,0
1137000,1,1
1138000,1,1
1139000,1,1
1140000,1,0
1141000,1,0
1142000,1,0
1143000,1,1
1144000,1,1
1145000,1,1
1146000,1,0
1147000,1,0
1148000,1,0
1149000,1,1
1150000,1,1
1151000,1,1
1152000,0,0
1153000,0,0
1154000,0,0
1155000,0,1
1156000,0,1
1157000,0,1
1158000,0,0
1159000,0,0
1160000,0,0
1161000,0,1
1162000,0,1
1163000,0,1
1164000,0,0
1165000,0,0
1166000,0,0
1167000,0,1
1168000,1,1
1169000,1,1
1170000,1,0
1171000,1,0
1172000,1,0
1173000,1,1
1174000,1,1
1175000,1,1
1176000,1,0
1177000,1,0
1178000,1,0
1179000,1,1
1180000,1,1
1181000,1,1
1182000,1,0
1183000,1,0
1184000,1,0
1185000,1,1
1186000,1,1
1187000,1,1
1188000,1,0
1189000,1,0
1190000,1,0
1191000,1,1
1192000,0,1
1193000,0,1
1194000,0,0
1195000,0,0
1196000,0,0
1197000,0,1
1198000,0,1
1199000,0,1
1200000,1,0
1201000,1,0
1202000,1,0
1203000,1,1
1204000,1,1
1205000,1,1
1206000,1,0
1207000,1,0
1208000,1,0
1209000,1,1
1210000,1,1
1211000,1,1
1212000,1,0
1213000,1,0
1214000,1,0
1215000,1,1
1216000,0,1
1217000,0,1
1218000,0,0
1219000,0,0
1220000,0,0
1221000,0,1
1222000,0,1
1223000,0,1
1224000,1,0
1225000,1,0
1226000,1,0
1227000,1,1
1228000,1,1
1229000,1,1
1230000,1,0
1231000,1,0
1232000,1,0
1233000,1,1
1234000,1,1
1235000,1,1
1236000,1,0
1237000,1,0
1238000,1,0
1239000,1,1
1240000,1,1
1241000,1,1
1242000,1,0
1243000,1,0
1244000,1,0
1245000,1,1
1246000,1,1
1247000,1,1
1248000,0,0
1249000,0,0
1250000,0,0
1251000,0,1
1252000,0,1
1253000,0,1
1254000,0,0
1255000,0,0
1256000,1,0
1257000,1,1
1258000,1,1
1259000,1,1
1260000,1,0
1261000,1,0
1262000,1,0
1263000,1,1
1264000,0,1
1265000,0,1
1266000,0,0
1267000,0,0
1268000,0,0
1269000,0,1
1270000,0,1
1271000,0,1
1272000,0,0
1273000,0,0
1274000,0,0
1275000,0,1
1276000,0,1
1277000,0,1
1278000,0,0
1279000,0,0
1280000,0,0
1281000,0,1
1282000,0,1
1283000,0,1
1284000,0,0
1285000,0,0
1286000,0,0
1287000,0,1
1288000,1,1
1289000,1,1
1290000,1,0
1291000,1,0
1292000,1,0
1293000,1,1
1294000,1,1
1295000,1,1
1296000,1,0
1297000,1,0
1298000,1,0
1299000,1,1
1300000,1,1
1301000,1,1
1302000,1,0
1303000,1,0
1304000,0,0
1305000,0,1
1306000,0,1
1307000,0,1
1308000,0,0
1309000,0,0
1310000,0,0
1311000,0,1
1312000,0,1
1313000,0,1
1314000,0,0
1315000,0,0
1316000,0,0
1317000,0,1
1318000,0,1
1319000,0,1
1320000,1,0
1321000,1,0
1322000,1,0
1323000,1,1
1324000,1,1
1325000,1,1
1326000,1,0
1327000,1,0
1328000,1,0
1329000,1,1
1330000,1,1
1331000,1,1
1332000,1,0
1333000,1,0
1334000,1,0
1335000,1,1
1336000,1,1
1337000,1,1
1338000,1,0
1339000,1,0
1340000,1,0
1341000,1,1
1342000,1,1
1343000,1,1
1344000,0,0
1345000,0,0
1346000,0,0
1347000,0,1
1348000,0,1
1349000,0,1
1350000,0,0
1351000,0,0
1352000,1,0
1353000,1,1
1354000,1,1
1355000,1,1
1356000,1,0
1357000,1,0
1358000,1,0
1359000,1,1
1360000,1,1
1361000,1,1
1362000,1,0
1363000,1,0
1364000,1,0
1365000,1,1
1366000,1,1
1367000,1,1
1368000,1,0
1369000,1,0
1370000,1,0
1371000,1,1
1372000,1,1
1373000,1,1
1374000,1,0
1375000,1,0
1376000,1,0
1377000,1,1
1378000,1,1
1379000,1,1
1380000,1,0
1381000,1,0
1382000,1,0
1383000,1,1
1384000,1,1
1385000,1,1
1386000,1,0
1387000,1,0
1388000,1,0
1389000,1,1
1390000,1,1
1391000,1,1
1392000,0,0
1393000,0,0
1394000,0,0
1395000,0,1
1396000,0,1
1397000,0,1
1398000,0,0
1399000,0,0
1400000,1,0
1401000,1,1
1402000,1,1
1403000,1,1
1404000,1,0
1405000,1,0
1406000,1,0
1407000,1,1
1408000,0,1
1409000,0,1
1410000,0,0
1411000,0,0
1412000,0,0
1413000,0,1
1414000,0,1
1415000,0,1
1416000,1,0
1417000,1,0
1418000,1,0
1419000,1,1
1420000,1,1
1421000,1,1
1422000,1,0
1423000,1,0
1424000,1,0
1425000,1,1
1426000,1,1
1427000,1,1
1428000,1,0
1429000,1,0
1430000,1,0
1431000,1,1
1432000,1,1
1433000,1,1
1434000,1,0
1435000,1,0
1436000,1,0
1437000,1,1
1438000,1,1
1439000,1,1
1440000,0,0
1441000,0,0
1442000,0,0
1443000,0,1
1444000,0,1
1445000,0,1
1446000,0,0
1447000,0,0
1448000,0,0
1449000,0,1
1450000,0,1
1451000,0,1
1452000,0,0
1453000,0,0
1454000,0,0
1455000,0,1
1456000,0,1
1457000,0,1
1458000,0,0
1459000,0,0
1460000,0,0
1461000,0,1
1462000,0,1
1463000,0,1
1464000,1,0
1465000,1,0
1466000,1,0
1467000,1,1
1468000,1,1
1469000,1,1
1470000,1,0
1471000,1,0
1472000,1,0
1473000,1,1
1474000,1,1
1475000,1,1
1476000,1,0
1477000,1,0
1478000,1,0
1479000,1,1
1480000,0,1
1481000,0,1
1482000,0,0
1483000,0,0
1484000,0,0
1485000,0,1
1486000,0,1
1487000,0,1
1488000,1,0
1489000,1,0
1490000,1,0
1491000,1,1
1492000,1,1
1493000,1,1
1494000,1,0
1495000,1,0
1496000,1,0
1497000,1,1
1498000,1,1
1499000,1,1
1500000,1,0
1501000,1,0
1502000,1,0
1503000,1,1
1504000,0,1
1505000,0,1
1506000,0,0
1507000,0,0
1508000,0,0
1509000,0,1
1510000,0,1
1511000,0,1
1512000,1,0
1513000,1,0
1514000,1,0
1515000,1,1
1516000,1,1
1517000,1,1
1518000,1,0
1519000,1,0
1520000,1,0
1521000,1,1
1522000,1,1
1523000,1,1
1524000,1,0
1525000,1,0
1526000,1,0
1527000,1,1
1528000,1,1
1529000,1,1
1530000,1,0
1531000,1,0
1532000,1,0
1533000,1,1
1534000,1,1
1535000,1,1
1536000,0,0
1537000,0,0
1538000,0,0
1539000,0,1
1540000,0,1
1541000,0,1
1542000,0,0
1543000,0,0
1544000,1,0
1545000,1,1
1546000,1,1
1547000,1,1
1548000,1,0
1549000,1,0
1550000,1,0
1551000,1,1
1552000,1,1
1553000,1,1
1554000,1,0
1555000,1,0
1556000,1,0
1557000,1,1
1558000,1,1
1559000,1,1
1560000,0,0
1561000,0,0
1562000,0,0
1563000,0,1
1564000,0,1
1565000,0,1
1566000,0,0
1567000,0,0
1568000,0,0
1569000,0,1
1570000,0,1
1571000,0,1
1572000,0,0
1573000,0,0
1574000,0,0
1575000,0,1
1576000,1,1
1577000,1,1
1578000,1,0
1579000,1,0
1580000,1,0
1581000,1,1
1582000,1,1
1583000,1,1
1584000,1,0
1585000,1,0
1586000,1,0
1587000,1,1
1588000,1,1
1589000,1,1
1590000,1,0
1591000,1,0
1592000,1,0
1593000,1,1
1594000,1,1
1595000,1,1
1596000,1,0
1597000,1,0
1598000,1,0
1599000,1,1
1600000,0,1
1601000,0,1
1602000,0,0
1603000,0,0
1604000,0,0
1605000,0,1
1606000,0,1
1607000,0,1
1608000,1,0
1609000,1,0
1610000,1,0
1611000,1,1
1612000,1,1
1613000,1,1
1614000,1,0
1615000,1,0
1616000,1,0
1617000,1,1
1618000,1,1
1619000,1,1
1620000,1,0
1621000,1,0
1622000,1,0
1623000,1,1
1624000,1,1
1625000,1,1
1626000,1,0
1627000,1,0
1628000,1,0
1629000,1,1
1630000,1,1
1631000,1,1
1632000,0,0
1633000,0,0
1634000,0,0
1635000,0,1
1636000,0,1
1637000,0,1
1638000,0,0
1639000,0,0
1640000,0,0
1641000,0,1
1642000,0,1
1643000,0,1
1644000,0,0
1645000,0,0
1646000,0,0
1647000,0,1
1648000,1,1
1649000,1,1
1650000,1,0
1651000,1,0
1652000,1,0
1653000,1,1
1654000,1,1
1655000,1,1
1656000,0,0
1657000,0,0
1658000,0,0
1659000,0,1
1660000,0,1
1661000,0,1
1662000,0,0
1663000,0,0
1664000,0,0
1665000,0,1
1666000,0,1
1667000,0,1
1668000,0,0
1669000,0,0
1670000,0,0
1671000,0,1
1672000,0,1
1673000,0,1
1674000,0,0
1675000,0,0
1676000,0,0
1677000,0,1
1678000,0,1
1679000,0,1
1680000,1,0
1681000,1,0
1682000,1,0
1683000,1,1
1684000,1,1
1685000,1,1
1686000,1,0
1687000,1,0
1688000,1,0
1689000,1,1
1690000,1,1
1691000,1,1
1692000,1,0
1693000,1,0
1694000,1,0
1695000,1,1
1696000,0,1
1697000,0,1
1698000,0,0
1699000,0,0
1700000,0,0
1701000,0,1
1702000,0,1
1703000,0,1
1704000,1,0
1705000,1,0
1706000,1,0
1707000,1,1
1708000,1,1
1709000,1,1
1710000,1,0
1711000,1,0
1712000,1,0
1713000,1,1
1714000,1,1
1715000,1,1
1716000,1,0
1717000,1,0
1718000,1,0
1719000,1,1
1720000,1,1
1721000,1,1
1722000,1,0
1723000,1,0
1724000,1,0
1725000,1,1
1726000,1,1
1727000,1,1
1728000,0,0
1729000,0,0
1730000,0,0
1731000,0,1
1732000,0,1
1733000,0,1
1734000,0,0
1735000,0,0
1736000,1,0
1737000,1,1
1738000,1,1
1739000,1,1
1740000,1,0
1741000,1,0
1742000,1,0
1743000,1,1
1744000,1,1
1745000,1,1
1746000,1,0
1747000,1,0
1748000,1,0
1749000,1,1
1750000,1,1
1751000,1,1
1752000,1,0
1753000,1,0
1754000,1,0
1755000,1,1
1756000,1,1
1757000,1,1
1758000,1,0
1759000,1,0
1760000,1,0
1761000,1,1
1762000,1,1
1763000,1,1
1764000,1,0
1765000,1,0
1766000,1,0
1767000,1,1
1768000,1,1
1769000,1,1
1770000,1,0
1771000,1,0
1772000,1,0
1773000,1,1
1774000,1,1
1775000,1,1
1776000,0,0
1777000,0,0
1778000,0,0
1779000,0,1
1780000,0,1
1781000,0,1
1782000,0,0
1783000,0,0
1784000,1,0
1785000,1,1
1786000,1,1
1787000,1,1
1788000,1,0
1789000,1,0
1790000,1,0
1791000,1,1
1792000,0,1
1793000,0,1
1794000,0,0
1795000,0,0
1796000,0,0
1797000,0,1
1798000,0,1
1799000,0,1
1800000,1,0
1801000,1,0
1802000,1,0
1803000,1,1
1804000,1,1
1805000,1,1
1806000,1,0
1807000,1,0
1808000,1,0
1809000,1,1
1810000,1,1
1811000,1,1
1812000,1,0
1813000,1,0
1814000,1,0
1815000,1,1
1816000,1,1
1817000,1,1
1818000,1,0
1819000,1,0
1820000,1,0
1821000,1,1
1822000,1,1
1823000,1,1
1824000,0,0
1825000,0,0
1826000,0,0
1827000,0,1
1828000,0,1
1829000,0,1
1830000,0,0
1831000,0,0
1832000,0,0
1833000,0,1
1834000,0,1
1835000,0,1
1836000,0,0
1837000,0,0
1838000,0,0
1839000,0,1
1840000,1,1
1841000,1,1
1842000,1,0
1843000,1,0
1844000,1,0
1845000,1,1
1846000,1,1
1847000,1,1
1848000,1,0
1849000,1,0
1850000,1,0
1851000,1,1
1852000,1,1
1853000,1,1
1854000,1,0
1855000,1,0
1856000,0,0
1857000,0,1
1858000,0,1
1859000,0,1
1860000,0,0
1861000,0,0
1862000,0,0
1863000,0,1
1864000,0,1
1865000,0,1
1866000,0,0
1867000,0,0
1868000,0,0
1869000,0,1
1870000,0,1
1871000,0,1
1872000,1,0
1873000,1,0
1874000,1,0
1875000,1,1
1876000,1,1
1877000,1,1
1878000,1,0
1879000,1,0
1880000,1,0
1881000,1,1
1882000,1,1
1883000,1,1
1884000,1,0
1885000,1,0
1886000,1,0
1887000,1,1
1888000,0,1
1889000,0,1
1890000,0,0
1891000,0,0
1892000,0,0
1893000,0,1
1894000,0,1
1895000,0,1
1896000,1,0
1897000,1,0
1898000,1,0
1899000,1,1
1900000,1,1
1901000,1,1
1902000,1,0
1903000,1,0
1904000,1,0
1905000,1,1
1906000,1,1
1907000,1,1
1908000,1,0
1909000,1,0
1910000,1,0
1911000,1,1
1912000,1,1
1913000,1,1
1914000,1,0
1915000,1,0
1916000,1,0
1917000,1,1
1918000,1,1
1919000,1,1
1920000,0,0
1921000,0,0
1922000,0,0
1923000,0,1
1924000,0,1
1925000,0,1
1926000,0,0
1927000,0,0
1928000,1,0
1929000,1,1
1930000,1,1
1931000,1,1
1932000,1,0
1933000,1,0
1934000,1,0
1935000,1,1
1936000,0,1
1937000,0,1
1938000,0,0
1939000,0,0
1940000,0,0
1941000,0,1
1942000,0,1
1943000,0,1
1944000,0,0
1945000,0,0
1946000,0,0
1947000,0,1
1948000,0,1
1949000,0,1
1950000,0,0
1951000,0,0
1952000,1,0
1953000,1,1
1954000,1,1
1955000,1,1
1956000,1,0
1957000,1,0
1958000,1,0
1959000,1,1
1960000,0,1
1961000,0,1
1962000,0,0
1963000,0,0
1964000,0,0
1965000,0,1
1966000,0,1
1967000,0,1
1968000,1,0
1969000,1,0
1970000,1,0
1971000,1,1
1972000,1,1
1973000,1,1
1974000,1,0
1975000,1,0
1976000,1,0
1977000,1,1
1978000,1,1
1979000,1,1
1980000,1,0
1981000,1,0
1982000,1,0
1983000,1,1
1984000,0,1
1985000,0,1
1986000,0,0
1987000,0,0
1988000,0,0
1989000,0,1
1990000,0,1
1991000,0,1
1992000,1,0
1993000,1,0
1994000,1,0
1995000,1,1
1996000,1,1
1997000,1,1
1998000,1,0
1999000,1,0
2000000,1,0
2001000,1,1
2002000,1,1
2003000,1,1
2004000,1,0
2005000,1,0
2006000,1,0
2007000,1,1
2008000,1,1
2009000,1,1
2010000,1,0
2011000,1,0
2012000,1,0
2013000,1,1
2014000,1,1
2015000,1,1
2016000,0,0
2017000,0,0
2018000,0,0
2019000,0,1
2020000,0,1
2021000,0,1
2022000,0,0
2023000,0,0
2024000,0,0
2025000,0,1
2026000,0,1
2027000,0,1
2028000,0,0
2029000,0,0
2030000,0,0
2031000,0,1
2032000,1,1
2033000,1,1
2034000,1,0
2035000,1,0
2036000,1,0
2037000,1,1
2038000,1,1
2039000,1,1
2040000,0,0
2041000,0,0
2042000,0,0
2043000,0,1
2044000,0,1
2045000,0,1
2046000,0,0
2047000,0,0
2048000,0,0
2049000,0,1
2050000,0,1
2051000,0,1
2052000,0,0
2053000,0,0
2054000,0,0
2055000,0,1
2056000,1,1
2057000,1,1
2058000,1,0
2059000,1,0
2060000,1,0
2061000,1,1
2062000,1,1
2063000,1,1
2064000,1,0
2065000,1,0
2066000,1,0
2067000,1,1
2068000,1,1
2069000,1,1
2070000,1,0
2071000,1,0
2072000,1,0
2073000,1,1
2074000,1,1
2075000,1,1
2076000,1,0
2077000,1,0
2078000,1,0
2079000,1,1
2080000,0,1
2081000,0,1
2082000,0,0
2083000,0,0
2084000,0,0
2085000,0,1
2086000,0,1
2087000,0,1
2088000,1,0
2089000,1,0
2090000,1,0
2091000,1,1
2092000,1,1
2093000,1,1
2094000,1,0
2095000,1,0
2096000,1,0
2097000,1,1
2098000,1,1
2099000,1,1
2100000,1,0
2101000,1,0
2102000,1,0
2103000,1,1
2104000,1,1
2105000,1,1
2106000,1,0
2107000,1,0
2108000,1,0
2109000,1,1
2110000,1,1
2111000,1,1
2112000,0,0
2113000,0,0
2114000,0,0
2115000,0,1
2116000,0,1
2117000,0,1
2118000,0,0
2119000,0,0
2120000,1,0
2121000,1,1
2122000,1,1
2123000,1,1
2124000,1,0
2125000,1,0
2126000,1,0
2127000,1,1
2128000,1,1
2129000,1,1
2130000,1,0
2131000,1,0
2132000,1,0
2133000,1,1
2134000,1,1
2135000,1,1
2136000,0,0
2137000,0,0
2138000,0,0
2139000,0,1
2140000,0,1
2141000,0,1
2142000,0,0
2143000,0,0
2144000,0,0
2145000,0,1
2146000,0,1
2147000,0,1
2148000,0,0
2149000,0,0
2150000,0,0
2151000,0,1
2152000,1,1
2153000,1,1
2154000,1,0
2155000,1,0
2156000,1,0
2157000,1,1
2158000,1,1
2159000,1,1
2160000,1,0
2161000,1,0
2162000,1,0
2163000,1,1
2164000,1,1
2165000,1,1
2166000,1,0
2167000,1,0
2168000,1,0
2169000,1,1
2170000,1,1
2171000,1,1
2172000,1,0
2173000,1,0
2174000,1,0
2175000,1,1
2176000,0,1
2177000,0,1
2178000,0,0
2179000,0,0
2180000,0,0
2181000,0,1
2182000,0,1
2183000,0,1
2184000,1,0
2185000,1,0
2186000,1,0
2187000,1,1
2188000,1,1
2189000,1,1
2190000,1,0
2191000,1,0
2192000,1,0
2193000,1,1
2194000,1,1
2195000,1,1
2196000,1,0
2197000,1,0
2198000,1,0
2199000,1,1
2200000,1,1
2201000,1,1
2202000,1,0
2203000,1,0
2204000,1,0
2205000,1,1
2206000,1,1
2207000,1,1
2208000,0,0
2209000,0,0
2210000,0,0
2211000,0,1
2212000,0,1
2213000,0,1
2214000,0,0
2215000,0,0
2216000,0,0
2217000,0,1
2218000,0,1
2219000,0,1
2220000,0,0
2221000,0,0
2222000,0,0
2223000,0,1
2224000,0,1
2225000,0,1
2226000,0,0
2227000,0,0
2228000,0,0
2229000,0,1
2230000,0,1
2231000,0,1
2232000,1,0
2233000,1,0
2234000,1,0
2235000,1,1
2236000,1,1
2237000,1,1
2238000,1,0
2239000,1,0
2240000,0,0
2241000,0,1
2242000,0,1
2243000,0,1
2244000,0,0
2245000,0,0
2246000,0,0
2247000,0,1
2248000,1,1
2249000,1,1
2250000,1,0
2251000,1,0
2252000,1,0
2253000,1,1
2254000,1,1
2255000,1,1
2256000,1,0
2257000,1,0
2258000,1,0
2259000,1,1
2260000,1,1
2261000,1,1
2262000,1,0
2263000,1,0
2264000,1,0
2265000,1,1
2266000,1,1
2267000,1,1
2268000,1,0
2269000,1,0
2270000,1,0
2271000,1,1
2272000,0,1
2273000,0,1
2274000,0,0
2275000,0,0
2276000,0,0
2277000,0,1
2278000,0,1
2279000,0,1
2280000,1,0
2281000,1,0
2282000,1,0
2283000,1,1
2284000,1,1
2285000,1,1
2286000,1,0
2287000,1,0
2288000,1,0
2289000,1,1
2290000,1,1
2291000,1,1
2292000,1,0
2293000,1,0
2294000,1,0
2295000,1,1
2296000,1,1
2297000,1,1
2298000,1,0
2299000,1,0
2300000,1,0
2301000,1,1
2302000,1,1
2303000,1,1
2304000,0,0
2305000,0,0
2306000,0,0
2307000,0,1
2308000,0,1
2309000,0,1
2310000,0,0
2311000,0,0
2312000,1,0
2313000,1,1
2314000,1,1
2315000,1,1
2316000,1,0
2317000,1,0
2318000,1,0
2319000,1,1
2320000,1,1
2321000,1,1
2322000,1,0
2323000,1,0
2324000,1,0
2325000,1,1
2326000,1,1
2327000,1,1
2328000,1,0
2329000,1,0
2330000,1,0
2331000,1,1
2332000,1,1
2333000,1,1
2334000,1,0
2335000,1,0
2336000,1,0
2337000,1,1
2338000,1,1
2339000,1,1
2340000,1,0
2341000,1,0
2342000,1,0
2343000,1,1
2344000,1,1
2345000,1,1
2346000,1,0
2347000,1,0
2348000,1,0
2349000,1,1
2350000,1,1
2351000,1,1
2352000,0,0
2353000,0,0
2354000,0,0
2355000,0,1
2356000,0,1
2357000,0,1
2358000,0,0
2359000,0,0
2360000,1,0
2361000,1,1
2362000,1,1
2363000,1,1
2364000,1,0
2365000,1,0
2366000,1,0
2367000,1,1
2368000,0,1
2369000,0,1
2370000,0,0
2371000,0,0
2372000,0,0
2373000,0,1
2374000,0,1
2375000,0,1
2376000,1,0
2377000,1,0
2378000,1,0
2379000,1,1
2380000,1,1
2381000,1,1
2382000,1,0
2383000,1,0
2384000,1,0
2385000,1,1
2386000,1,1
2387000,1,1
2388000,1,0
2389000,1,0
2390000,1,0
2391000,1,1
2392000,1,1
2393000,1,1
2394000,1,0
2395000,1,0
2396000,1,0
2397000,1,1
2398000,1,1
2399000,1,1
2400000,0,0
2401000,0,0
2402000,0,0
2403000,0,1
2404000,0,1
2405000,0,1
2406000,0,0
2407000,0,0
2408000,1,0
2409000,1,1
2410000,1,1
2411000,1,1
2412000,1,0
2413000,1,0
2414000,1,0
2415000,1,1
2416000,0,1
2417000,0,1
2418000,0,0
2419000,0,0
2420000,0,0
2421000,0,1
2422000,0,1
2423000,0,1
2424000,0,0
2425000,0,0
2426000,0,0
2427000,0,1
2428000,0,1
2429000,0,1
2430000,0,0
2431000,0,0
2432000,0,0
2433000,0,1
2434000,0,1
2435000,0,1
2436000,0,0
2437000,0,0
2438000,0,0
2439000,0,1
2440000,1,1
2441000,1,1
2442000,1,0
2443000,1,0
2444000,1,0
2445000,1,1
2446000,1,1
2447000,1,1
2448000,1,0
2449000,1,0
2450000,1,0
2451000,1,1
2452000,1,1
2453000,1,1
2454000,1,0
2455000,1,0
2456000,0,0
2457000,0,1
2458000,0,1
2459000,0,1
2460000,0,0
2461000,0,0
2462000,0,0
2463000,0,1
2464000,0,1
2465000,0,1
2466000,0,0
2467000,0,0
2468000,0,0
2469000,0,1
2470000,0,1
2471000,0,1
2472000,1,0
2473000,1,0
2474000,1,0
2475000,1,1
2476000,1,1
2477000,1,1
2478000,1,0
2479000,1,0
2480000,1,0
2481000,1,1
2482000,1,1
2483000,1,1
2484000,1,0
2485000,1,0
2486000,1,0
2487000,1,1
2488000,1,1
2489000,1,1
2490000,1,0
2491000,1,0
2492000,1,0
2493000,1,1
2494000,1,1
2495000,1,1
2496000,0,0
2497000,0,0
2498000,0,0
2499000,0,1
2500000,0,1
2501000,0,1
2502000,0,0
2503000,0,0
2504000,0,0
2505000,0,1
2506000,0,1
2507000,0,1
2508000,0,0
2509000,0,0
2510000,0,0
2511000,0,1
2512000,1,1
2513000,1,1
2514000,1,0
2515000,1,0
2516000,1,0
2517000,1,1
2518000,1,1
2519000,1,1
2520000,0,0
2521000,0,0
2522000,0,0
2523000,0,1
2524000,0,1
2525000,0,1
2526000,0,0
2527000,0,0
2528000,0,0
2529000,0,1
2530000,0,1
2531000,0,1
2532000,0,0
2533000,0,0
2534000,0,0
2535000,0,1
2536000,1,1
2537000,1,1
2538000,1,0
2539000,1,0
2540000,1,0
2541000,1,1
2542000,1,1
2543000,1,1
2544000,1,0
2545000,1,0
2546000,1,0
2547000,1,1
2548000,1,1
2549000,1,1
2550000,1,0
2551000,1,0
2552000,0,0
2553000,0,1
2554000,0,1
2555000,0,1
2556000,0,0
2557000,0,0
2558000,0,0
2559000,0,1
2560000,0,1
2561000,0,1
2562000,0,0
2563000,0,0
2564000,0,0
2565000,0,1
2566000,0,1
2567000,0,1
2568000,1,0
2569000,1,0
2570000,1,0
2571000,1,1
2572000,1,1
2573000,1,1
2574000,1,0
2575000,1,0
2576000,1,0
2577000,1,1
2578000,1,1
2579000,1,1
2580000,1,0
2581000,1,0
2582000,1,0
2583000,1,1
2584000,1,1
2585000,1,1
2586000,1,0
2587000,1,0
2588000,1,0
2589000,1,1
2590000,1,1
2591000,1,1
2592000,0,0
2593000,0,0
2594000,0,0
2595000,0,1
2596000,0,1
2597000,0,1
2598000,0,0
2599000,0,0
2600000,1,0
2601000,1,1
2602000,1,1
2603000,1,1
2604000,1,0
2605000,1,0
2606000,1,0
2607000,1,1
2608000,0,1
2609000,0,1
2610000,0,0
2611000,0,0
2612000,0,0
2613000,0,1
2614000,0,1
2615000,0,1
2616000,1,0
2617000,1,0
2618000,1,0
2619000,1,1
2620000,1,1
2621000,1,1
2622000,1,0
2623000,1,0
2624000,0,0
2625000,0,1
2626000,0,1
2627000,0,1
2628000,0,0
2629000,0,0
2630000,0,0
2631000,0,1
2632000,1,1
2633000,1,1
2634000,1,0
2635000,1,0
2636000,1,0
2637000,1,1
2638000,1,1
2639000,1,1
2640000,1,0
2641000,1,0
2642000,1,0
2643000,1,1
2644000,1,1
2645000,1,1
2646000,1,0
2647000,1,0
2648000,0,0
2649000,0,1
2650000,0,1
2651000,0,1
2652000,0,0
2653000,0,0
2654000,0,0
2655000,0,1
2656000,0,1
2657000,0,1
2658000,0,0
2659000,0,0
2660000,0,0
2661000,0,1
2662000,0,1
2663000,0,1
2664000,1,0
2665000,1,0
2666000,1,0
2667000,1,1
2668000,1,1
2669000,1,1
2670000,1,0
2671000,1,0
2672000,1,0
2673000,1,1
2674000,1,1
2675000,1,1
2676000,1,0
2677000,1,0
2678000,1,0
2679000,1,1
2680000,1,1
2681000,1,1
2682000,1,0
2683000,1,0
2684000,1,0
2685000,1,1
2686000,1,1
2687000,1,1
2688000,0,0
2689000,0,0
2690000,0,0
2691000,0,1
2692000,0,1
2693000,0,1
2694000,0,0
2695000,0,0
2696000,1,0
2697000,1,1
2698000,1,1
2699000,1,1
2700000,1,0
2701000,1,0
2702000,1,0
2703000,1,1
2704000,1,1
2705000,1,1
2706000,1,0
2707000,1,0
2708000,1,0
2709000,1,1
2710000,1,1
2711000,1,1
2712000,0,0
2713000,0,0
2714000,0,0
2715000,0,1
2716000,0,1
2717000,0,1
2718000,0,0
2719000,0,0
2720000,1,0
2721000,1,1
2722000,1,1
2723000,1,1
2724000,1,0
2725000,1,0
2726000,1,0
2727000,1,1
2728000,0,1
2729000,0,1
2730000,0,0
2731000,0,0
2732000,0,0
2733000,0,1
2734000,0,1
2735000,0,1
2736000,1,0
2737000,1,0
2738000,1,0
2739000,1,1
2740000,1,1
2741000,1,1
2742000,1,0
2743000,1,0
2744000,1,0
2745000,1,1
2746000,1,1
2747000,1,1
2748000,1,0
2749000,1,0
2750000,1,0
2751000,1,1
2752000,0,1
2753000,0,1
2754000,0,0
2755000,0,0
2756000,0,0
2757000,0,1
2758000,0,1
2759000,0,1
2760000,1,0
2761000,1,0
2762000,1,0
2763000,1,1
2764000,1,1
2765000,1,1
2766000,1,0
2767000,1,0
2768000,1,0
2769000,1,1
2770000,1,1
2771000,1,1
2772000,1,0
2773000,1,0
2774000,1,0
2775000,1,1
2776000,1,1
2777000,1,1
2778000,1,0
2779000,1,0
2780000,1,0
2781000,1,1
2782000,1,1
2783000,1,1
2784000,0,0
2785000,0,0
2786000,0,0
2787000,0,1
2788000,0,1
2789000,0,1
2790000,0,0
2791000,0,0
2792000,1,0
2793000,1,1
2794000,1,1
2795000,1,1
2796000,1,0
2797000,1,0
2798000,1,0
2799000,1,1
2800000,0,1
2801000,0,1
2802000,0,0
2803000,0,0
2804000,0,0
2805000,0,1
2806000,0,1
2807000,0,1
2808000,1,0
2809000,1,0
2810000,1,0
2811000,1,1
2812000,1,1
2813000,1,1
2814000,1,0
2815000,1,0
2816000,1,0
2817000,1,1
2818000,1,1
2819000,1,1
2820000,1,0
2821000,1,0
2822000,1,0
2823000,1,1
2824000,1,1
2825000,1,1
2826000,1,0
2827000,1,0
2828000,1,0
2829000,1,1
2830000,1,1
2831000,1,1
2832000,1,0
2833000,1,0
2834000,1,0
2835000,1,1
2836000,1,1
2837000,1,1
2838000,1,0
2839000,1,0
2840000,1,0
2841000,1,1
2842000,1,1
2843000,1,1
2844000,1,0
2845000,1,0
2846000,1,0
2847000,1,1
2848000,0,1
2849000,0,1
2850000,0,0
2851000,0,0
2852000,0,0
2853000,0,1
2854000,0,1
2855000,0,1
2856000,1,0
2857000,1,0
2858000,1,0
2859000,1,1
2860000,1,1
2861000,1,1
2862000,1,0
2863000,1,0
2864000,1,0
2865000,1,1
2866000,1,1
2867000,1,1
2868000,1,0
2869000,1,0
2870000,1,0
2871000,1,1
2872000,1,1
2873000,1,1
2874000,1,0
2875000,1,0
2876000,1,0
2877000,1,1
2878000,1,1
2879000,1,1
2880000,1,0
2881000,1,0
2882000,1,0
2883000,1,1
2884000,1,1
2885000,1,1
2886000,1,0
2887000,1,0
2888000,1,0
2889000,1,1
2890000,1,1
2891000,1,1
2892000,1,0
2893000,1,0
2894000,1,0
2895000,1,1
2896000,1,1
2897000,1,1
2898000,1,0
2899000,1,0
2900000,1,0
2901000,1,1
2902000,1,1
2903000,1,1
2904000,1,0
2905000,1,0
2906000,1,0
2907000,1,1
2908000,1,1
2909000,1,1
2910000,1,0
2911000,1,0
2912000,1,0
2913000,1,1
2914000,1,1
2915000,1,1
2916000,1,0
2917000,1,0
2918000,1,0
2919000,1,1
2920000,1,1
2921000,1,1
2922000,1,0
2923000,1,0
2924000,1,0
2925000,1,1
2926000,1,1
2927000,1,1
2928000,1,0
2929000,1,0
2930000,1,0
2931000,1,1
2932000,1,1
2933000,1,1
2934000,1,0
2935000,1,0
2936000,1,0
2937000,1,1
2938000,1,1
2939000,1,1
2940000,1,0
2941000,1,0
2942000,1,0
2943000,1,1
2944000,1,1
2945000,1,1
2946000,1,0
2947000,1,0
2948000,1,0
2949000,1,1
2950000,1,1
2951000,1,1
2952000,1,0
2953000,1,0
2954000,1,0
2955000,1,1
2956000,1,1
2957000,1,1
2958000,1,0
2959000,1,0
2960000,1,0
2961000,1,1
2962000,1,1
2963000,1,1
2964000,1,0
2965000,1,0
2966000,1,0
2967000,1,1
2968000,1,1
2969000,1,1
2970000,1,0
2971000,1,0
2972000,1,0
2973000,1,1
2974000,1,1
2975000,1,1
